Workbook

Sheet Revision History
A1: Revision History
A3: Version No. | B3: Description of Change | C3: Prepared by | D3: Revised Date
A4: 0.1 | B4: Initial version | C4: อนุชา พิมสร้อย | D4: 46199
A5: 1 | B5: Baseline version
A7: Signature
A9: Application | B9: Project Role | C9: Name | D9: Division | E9: Signature | F9: Sign Date
A10: Enterprise Data Warehouse | B10: PM | C10: วโรตม์ สุนทรารัตน์พงษ์ | D10: ฝ่ายวิจัยและพัฒนาเทคโนโลยีสารสนเทศ | E10: วโรตม์ สุนทรารัตน์พงษ์ | F10: 46199
A11: Enterprise Data Warehouse | B11: Lead SA | C11: ณภัค พิชิตกุศลาชัย | D11: ฝ่ายวิจัยและพัฒนาเทคโนโลยีสารสนเทศ | E11: ณภัค พิชิตกุศลาชัย | F11: 46199
A12: Enterprise Data Warehouse | B12: SA | D12: ฝ่ายวิจัยและพัฒนาเทคโนโลยีสารสนเทศ | F12: 46199
A13: Enterprise Data Warehouse | B13: Lead Developer | C13: อภิมุข ดำอ่อน | D13: ฝ่ายวิจัยและพัฒนาเทคโนโลยีสารสนเทศ | E13: อภิมุข ดำอ่อน | F13: 46199
A14: Enterprise Data Warehouse | B14: Developer | C14: อภิมุข ดำอ่อน | D14: ฝ่ายวิจัยและพัฒนาเทคโนโลยีสารสนเทศ | E14: อภิมุข ดำอ่อน | F14: 46199
A15: Enterprise Data Warehouse | B15: Lead Test | C15: อนุชา พิมสร้อย | D15: ฝ่ายวิจัยและพัฒนาเทคโนโลยีสารสนเทศ | E15: อนุชา พิมสร้อย | F15: 46199
A16: Enterprise Data Warehouse | B16: Tester | C16: ชุติมา สมพันธ์แพ | D16: ฝ่ายวิจัยและพัฒนาเทคโนโลยีสารสนเทศ | E16: ชุติมา สมพันธ์แพ | F16: 46199

Sheet Test Summary
A1: Test Summary Report
A3: Project Code | B3: 20260040
A4: Project Name | B4: Improvement for OIC timeline (ปรับปรุง R- Report)
A5: Project Manager | B5: วโรตม์ สุนทรารัตน์พงษ์
A6: Test Phase | B6: SIT
A7: Report Date | B7: =today() -> 46205
A8: Plan Timeline | B8: 46199 | C8: - | D8: 46204
A9: Actual Timeline | B9: 46199 | C9: -
A11: Total Days | B11: # of Days Spent | C11: Remaining Days | D11: % Ready for Test | E11: % Expected Passed | F11: % Actual Passed
A12: =networkdays(B8, D8, Var!I2:I130) -> 4 | B12: =networkdays(B9, B7, Var!I2:I130) -> 5 | C12: =A12-B12 -> -1 | D12: =B78 -> 1 | E12: =min(1, iferror((A12-C12)/A12, 0)) -> 1 | F12: =E90 -> 0.75
A18: วัตถุประสงค์ของโครงการ
A21: ขอบเขตของโครงการ
A24: Major Issue/Concern
A25: No. | B25: Issue/Concern | C25: Recommendation | D25: Redmine | E25: Status | F25: Responsible By | G25: Target Completion Date | H25: Remark
A26: 1
A27: 2
A28: 3
A29: 4
A31: Test Progress
R36: (ไม่ต้องส่งตารางนี้)
R37: No. of Test Cases | S37: Cancelled | T37: Passed | U37: Passed with Condition | V37: Failed | W37: Pending | X37: In Progress | Y37: Not Start | Z37: Not Ready for Test | AA37: Total Test Cases
R38: %Test Progress | S38: =COUNTIFS('Test Checklist'!$M:$M,S$37) -> 0 | T38: =COUNTIFS('Test Checklist'!$M:$M,T$37) -> 63 | U38: =COUNTIFS('Test Checklist'!$M:$M,U$37) -> 0 | V38: =COUNTIFS('Test Checklist'!$M:$M,V$37) -> 0 | W38: =COUNTIFS('Test Checklist'!$M:$M,W$37) -> 0 | X38: =COUNTIFS('Test Checklist'!$M:$M,X$37) -> 12 | Y38: =COUNTIFS('Test Checklist'!$M:$M,Y$37) -> 0 | Z38: =COUNTIFS('Test Checklist'!$M:$M,Z$37) -> 0 | AA38: =sum(S38:Z38) -> 75
A71: Test Execution Order
R72: (ไม่ต้องส่งตารางนี้)
A73: Test Execution Order | B73: Feature Priority | C73: Test Cases Priority | D73: Test Status | E73: %Progress | F73: %Passed | G73: Plan Start Date | H73: Plan Finish Date | I73: Actual Start Date | J73: Actual Finish Date | R73: Cancelled | S73: Passed | T73: Passed with Condition | U73: Failed | V73: Pending | W73: In Progress | X73: Not Start | Y73: Not Ready for Test | Z73: Total Test Cases
A74: 2 | B74: Feature Priority 1 | C74: Medium | D74: =if(and(E74=0, F74=0),"Not Start", if(and(E74>0,F74<>1),"In Progress", if(and(E74=1,F74=1), "Completed"))) -> Completed | E74: =IFERROR(SUM(R74:W74)/Z74, 0) -> 1 | F74: =IFERROR(SUM(R74:T74)/Z74, 0) -> 1 | G74: 46199 | I74: =IF(MINIFS('Test Checklist'!$O:$O, 'Test Checklist'!$A:$A, $A74)=0, "", MINIFS('Test Checklist'!$O:$O, 'Test Checklist'!$A:$A, $A74)) | J74: =IF(MAXIFS('Test Checklist'!$O:$O, 'Test Checklist'!$A:$A, $A74)=0, "", MAXIFS('Test Checklist'!$O:$O, 'Test Checklist'!$A:$A, $A74)) | R74: =COUNTIFS('Test Checklist'!$K:$K,$B74,'Test Checklist'!$L:$L,$C74,'Test Checklist'!$M:$M,R$73) -> 0 | S74: =COUNTIFS('Test Checklist'!$K:$K,$B74,'Test Checklist'!$L:$L,$C74,'Test Checklist'!$M:$M,S$73) -> 63 | T74: =COUNTIFS('Test Checklist'!$K:$K,$B74,'Test Checklist'!$L:$L,$C74,'Test Checklist'!$M:$M,T$73) -> 0 | U74: =COUNTIFS('Test Checklist'!$K:$K,$B74,'Test Checklist'!$L:$L,$C74,'Test Checklist'!$M:$M,U$73) -> 0 | V74: =COUNTIFS('Test Checklist'!$K:$K,$B74,'Test Checklist'!$L:$L,$C74,'Test Checklist'!$M:$M,V$73) -> 0 | W74: =COUNTIFS('Test Checklist'!$K:$K,$B74,'Test Checklist'!$L:$L,$C74,'Test Checklist'!$M:$M,W$73) -> 0 | X74: =COUNTIFS('Test Checklist'!$K:$K,$B74,'Test Checklist'!$L:$L,$C74,'Test Checklist'!$M:$M,X$73) -> 0 | Y74: =COUNTIFS('Test Checklist'!$K:$K,$B74,'Test Checklist'!$L:$L,$C74,'Test Checklist'!$M:$M,Y$73) -> 0 | Z74: =sum(R74:Y74) -> 63
A76: Ready for Test
A78: Ready for Test | B78: =(counta(C85:C88)-countif(C85:C88, "Not Ready for Test"))/counta(C85:C88) -> 1
A79: Not Ready for Test | B79: =1-B78 -> 0
A81: Test Progress
R82: (ไม่ต้องส่งตารางนี้)
D83: Overall | F83: High | H83: Medium | J83: Low | R83: High | AA83: Medium | AJ83: Low | AS83: Total | BB83: %
A84: Feature | B84: Feature Priority | C84: Test Status | D84: % Test Progress | E84: % Passed | F84: % Test Progress | G84: % Passed | H84: % Test Progress | I84: % Passed | J84: % Test Progress | K84: % Passed | L84: Responsible By | M84: Plan Start Date | N84: Plan Finish Date | O84: Actual Start Date | P84: Actual Finish Date | Q84: Remark | R84: Cancelled | S84: Passed | T84: Passed with Condition | U84: Failed | V84: Pending | W84: In Progress | X84: Not Start | Y84: Not Ready for Test | Z84: Total Test Cases | AA84: Cancelled | AB84: Passed | AC84: Passed with Condition | AD84: Failed | AE84: Pending | AF84: In Progress | AG84: Not Start | AH84: Not Ready for Test | AI84: Total Test Cases | AJ84: Cancelled | AK84: Passed | AL84: Passed with Condition | AM84: Failed | AN84: Pending | AO84: In Progress | AP84: Not Start | AQ84: Not Ready for Test | AR84: Total Test Cases | AS84: Cancelled | AT84: Passed | AU84: Passed with Condition | AV84: Failed | AW84: Pending | AX84: In Progress | AY84: Not Start | AZ84: Not Ready for Test | BA84: Total Test Cases | BB84: Feature | BC84: Cancelled | BD84: Passed | BE84: Passed with Condition | BF84: Failed | BG84: Pending | BH84: In Progress | BI84: Not Start | BJ84: Not Ready for Test | BK84: Total Test Cases
A85: =Var!P2 -> รายการ R05 - Unit Link Products [ULP] Premium Receipt VFA | B85: {=iferror(xlookup(A85, Var!P:P, Var!Q:Q), "")} -> Feature Priority 1 | C85: =IF(E85:E88=1, "Completed", IF(D85:D88="-", "-", IF(D85:D88>0, "In Progress", "Not Start") ) ) -> Completed | D85: =IFERROR(SUM(AS85:AX85)/BA85, "-") -> 1 | E85: =IFERROR(SUM(AS85:AU85)/BA85, "-") -> 1 | F85: =IFERROR(SUM(R85:W85)/Z85, "-") -> - | G85: =IFERROR(SUM(R85:T85)/Z85, "-") -> - | H85: =IFERROR(SUM(AA85:AF85)/AI85, "-") -> 1 | I85: =IFERROR(SUM(AA85:AC85)/AI85, "-") -> 1 | J85: =IFERROR(SUM(AJ85:AO85)/AR85, "-") -> - | K85: =IFERROR(SUM(AJ85:AL85)/AR85, "-") -> - | L85: chutima.so | M85: 46202 | O85: =if(C85<>"Not Start", minifs('Test Checklist'!$O:$O,'Test Checklist'!$D:$D, $A85), "") -> 46203 | P85: =if(C85="Completed", MAXIFS('Test Checklist'!$O:$O, 'Test Checklist'!$D:$D, $A85),"") -> 46205 | R85: =COUNTIFS('Test Checklist'!$D:$D,$A85,'Test Checklist'!$L:$L,$R$83,'Test Checklist'!$M:$M,R$84) -> 0 | S85: =COUNTIFS('Test Checklist'!$D:$D,$A85,'Test Checklist'!$L:$L,$R$83,'Test Checklist'!$M:$M,S$84) -> 0 | T85: =COUNTIFS('Test Checklist'!$D:$D,$A85,'Test Checklist'!$L:$L,$R$83,'Test Checklist'!$M:$M,T$84) -> 0 | U85: =COUNTIFS('Test Checklist'!$D:$D,$A85,'Test Checklist'!$L:$L,$R$83,'Test Checklist'!$M:$M,U$84) -> 0 | V85: =COUNTIFS('Test Checklist'!$D:$D,$A85,'Test Checklist'!$L:$L,$R$83,'Test Checklist'!$M:$M,V$84) -> 0 | W85: =COUNTIFS('Test Checklist'!$D:$D,$A85,'Test Checklist'!$L:$L,$R$83,'Test Checklist'!$M:$M,W$84) -> 0 | X85: =COUNTIFS('Test Checklist'!$D:$D,$A85,'Test Checklist'!$L:$L,$R$83,'Test Checklist'!$M:$M,X$84) -> 0 | Y85: =COUNTIFS('Test Checklist'!$D:$D,$A85,'Test Checklist'!$L:$L,$R$83,'Test Checklist'!$M:$M,Y$84) -> 0 | Z85: =sum(R85:Y85) -> 0 | AA85: =COUNTIFS('Test Checklist'!$D:$D,$A85,'Test Checklist'!$L:$L,$AA$83,'Test Checklist'!$M:$M,AA$84) -> 0 | AB85: =COUNTIFS('Test Checklist'!$D:$D,$A85,'Test Checklist'!$L:$L,$AA$83,'Test Checklist'!$M:$M,AB$84) -> 19 | AC85: =COUNTIFS('Test Checklist'!$D:$D,$A85,'Test Checklist'!$L:$L,$AA$83,'Test Checklist'!$M:$M,AC$84) -> 0 | AD85: =COUNTIFS('Test Checklist'!$D:$D,$A85,'Test Checklist'!$L:$L,$AA$83,'Test Checklist'!$M:$M,AD$84) -> 0 | AE85: =COUNTIFS('Test Checklist'!$D:$D,$A85,'Test Checklist'!$L:$L,$AA$83,'Test Checklist'!$M:$M,AE$84) -> 0 | AF85: =COUNTIFS('Test Checklist'!$D:$D,$A85,'Test Checklist'!$L:$L,$AA$83,'Test Checklist'!$M:$M,AF$84) -> 0 | AG85: =COUNTIFS('Test Checklist'!$D:$D,$A85,'Test Checklist'!$L:$L,$AA$83,'Test Checklist'!$M:$M,AG$84) -> 0 | AH85: =COUNTIFS('Test Checklist'!$D:$D,$A85,'Test Checklist'!$L:$L,$AA$83,'Test Checklist'!$M:$M,AH$84) -> 0 | AI85: =sum(AA85:AH85) -> 19 | AJ85: =COUNTIFS('Test Checklist'!$D:$D,$A85,'Test Checklist'!$L:$L,$AJ$83,'Test Checklist'!$M:$M,AJ$84) -> 0 | AK85: =COUNTIFS('Test Checklist'!$D:$D,$A85,'Test Checklist'!$L:$L,$AJ$83,'Test Checklist'!$M:$M,AK$84) -> 0 | AL85: =COUNTIFS('Test Checklist'!$D:$D,$A85,'Test Checklist'!$L:$L,$AJ$83,'Test Checklist'!$M:$M,AL$84) -> 0 | AM85: =COUNTIFS('Test Checklist'!$D:$D,$A85,'Test Checklist'!$L:$L,$AJ$83,'Test Checklist'!$M:$M,AM$84) -> 0 | AN85: =COUNTIFS('Test Checklist'!$D:$D,$A85,'Test Checklist'!$L:$L,$AJ$83,'Test Checklist'!$M:$M,AN$84) -> 0 | AO85: =COUNTIFS('Test Checklist'!$D:$D,$A85,'Test Checklist'!$L:$L,$AJ$83,'Test Checklist'!$M:$M,AO$84) -> 0 | AP85: =COUNTIFS('Test Checklist'!$D:$D,$A85,'Test Checklist'!$L:$L,$AJ$83,'Test Checklist'!$M:$M,AP$84) -> 0 | AQ85: =COUNTIFS('Test Checklist'!$D:$D,$A85,'Test Checklist'!$L:$L,$AJ$83,'Test Checklist'!$M:$M,AQ$84) -> 0 | AR85: =sum(AJ85:AQ85) -> 0 | AS85: =R85+AA85+AJ85 -> 0 | AT85: =S85+AB85+AK85 -> 19 | AU85: =T85+AC85+AL85 -> 0 | AV85: =U85+AD85+AM85 -> 0 | AW85: =V85+AE85+AN85 -> 0 | AX85: =W85+AF85+AO85 -> 0 | AY85: =X85+AG85+AP85 -> 0 | AZ85: =Y85+AH85+AQ85 -> 0 | BA85: =sum(AS85:AZ85) -> 19 | BB85: =A85 -> รายการ R05 - Unit Link Products [ULP] Premium Receipt VFA | BC85: =iferror(AS85/$BA85, 0) -> 0 | BD85: =iferror(AT85/$BA85, 0) -> 1 | BE85: =iferror(AU85/$BA85, 0) -> 0 | BF85: =iferror(AV85/$BA85, 0) -> 0 | BG85: =iferror(AW85/$BA85, 0) -> 0 | BH85: =iferror(AX85/$BA85, 0) -> 0 | BI85: =iferror(AY85/$BA85, 0) -> 0 | BJ85: =iferror(AZ85/$BA85, 0) -> 0 | BK85: =sum(BC85:BJ85) -> 1
A86: =Var!P3 -> รายการ R06 - Unit Link Products [ULP] Commission override VFA | B86: {=iferror(xlookup(A86, Var!P:P, Var!Q:Q), "")} -> Feature Priority 1 | C86: =IF(E86:E89=1, "Completed", IF(D86:D89="-", "-", IF(D86:D89>0, "In Progress", "Not Start") ) ) -> Completed | D86: =IFERROR(SUM(AS86:AX86)/BA86, "-") -> 1 | E86: =IFERROR(SUM(AS86:AU86)/BA86, "-") -> 1 | F86: =IFERROR(SUM(R86:W86)/Z86, "-") -> - | G86: =IFERROR(SUM(R86:T86)/Z86, "-") -> - | H86: =IFERROR(SUM(AA86:AF86)/AI86, "-") -> 1 | I86: =IFERROR(SUM(AA86:AC86)/AI86, "-") -> 1 | J86: =IFERROR(SUM(AJ86:AO86)/AR86, "-") -> - | K86: =IFERROR(SUM(AJ86:AL86)/AR86, "-") -> - | L86: chutima.so | M86: 46202 | O86: =if(C86<>"Not Start", minifs('Test Checklist'!$O:$O,'Test Checklist'!$D:$D, $A86), "") -> 46205 | P86: =if(C86="Completed", MAXIFS('Test Checklist'!$O:$O, 'Test Checklist'!$D:$D, $A86),"") -> 46205 | R86: =COUNTIFS('Test Checklist'!$D:$D,$A86,'Test Checklist'!$L:$L,$R$83,'Test Checklist'!$M:$M,R$84) -> 0 | S86: =COUNTIFS('Test Checklist'!$D:$D,$A86,'Test Checklist'!$L:$L,$R$83,'Test Checklist'!$M:$M,S$84) -> 0 | T86: =COUNTIFS('Test Checklist'!$D:$D,$A86,'Test Checklist'!$L:$L,$R$83,'Test Checklist'!$M:$M,T$84) -> 0 | U86: =COUNTIFS('Test Checklist'!$D:$D,$A86,'Test Checklist'!$L:$L,$R$83,'Test Checklist'!$M:$M,U$84) -> 0 | V86: =COUNTIFS('Test Checklist'!$D:$D,$A86,'Test Checklist'!$L:$L,$R$83,'Test Checklist'!$M:$M,V$84) -> 0 | W86: =COUNTIFS('Test Checklist'!$D:$D,$A86,'Test Checklist'!$L:$L,$R$83,'Test Checklist'!$M:$M,W$84) -> 0 | X86: =COUNTIFS('Test Checklist'!$D:$D,$A86,'Test Checklist'!$L:$L,$R$83,'Test Checklist'!$M:$M,X$84) -> 0 | Y86: =COUNTIFS('Test Checklist'!$D:$D,$A86,'Test Checklist'!$L:$L,$R$83,'Test Checklist'!$M:$M,Y$84) -> 0 | Z86: =sum(R86:Y86) -> 0 | AA86: =COUNTIFS('Test Checklist'!$D:$D,$A86,'Test Checklist'!$L:$L,$AA$83,'Test Checklist'!$M:$M,AA$84) -> 0 | AB86: =COUNTIFS('Test Checklist'!$D:$D,$A86,'Test Checklist'!$L:$L,$AA$83,'Test Checklist'!$M:$M,AB$84) -> 23 | AC86: =COUNTIFS('Test Checklist'!$D:$D,$A86,'Test Checklist'!$L:$L,$AA$83,'Test Checklist'!$M:$M,AC$84) -> 0 | AD86: =COUNTIFS('Test Checklist'!$D:$D,$A86,'Test Checklist'!$L:$L,$AA$83,'Test Checklist'!$M:$M,AD$84) -> 0 | AE86: =COUNTIFS('Test Checklist'!$D:$D,$A86,'Test Checklist'!$L:$L,$AA$83,'Test Checklist'!$M:$M,AE$84) -> 0 | AF86: =COUNTIFS('Test Checklist'!$D:$D,$A86,'Test Checklist'!$L:$L,$AA$83,'Test Checklist'!$M:$M,AF$84) -> 0 | AG86: =COUNTIFS('Test Checklist'!$D:$D,$A86,'Test Checklist'!$L:$L,$AA$83,'Test Checklist'!$M:$M,AG$84) -> 0 | AH86: =COUNTIFS('Test Checklist'!$D:$D,$A86,'Test Checklist'!$L:$L,$AA$83,'Test Checklist'!$M:$M,AH$84) -> 0 | AI86: =sum(AA86:AH86) -> 23 | AJ86: =COUNTIFS('Test Checklist'!$D:$D,$A86,'Test Checklist'!$L:$L,$AJ$83,'Test Checklist'!$M:$M,AJ$84) -> 0 | AK86: =COUNTIFS('Test Checklist'!$D:$D,$A86,'Test Checklist'!$L:$L,$AJ$83,'Test Checklist'!$M:$M,AK$84) -> 0 | AL86: =COUNTIFS('Test Checklist'!$D:$D,$A86,'Test Checklist'!$L:$L,$AJ$83,'Test Checklist'!$M:$M,AL$84) -> 0 | AM86: =COUNTIFS('Test Checklist'!$D:$D,$A86,'Test Checklist'!$L:$L,$AJ$83,'Test Checklist'!$M:$M,AM$84) -> 0 | AN86: =COUNTIFS('Test Checklist'!$D:$D,$A86,'Test Checklist'!$L:$L,$AJ$83,'Test Checklist'!$M:$M,AN$84) -> 0 | AO86: =COUNTIFS('Test Checklist'!$D:$D,$A86,'Test Checklist'!$L:$L,$AJ$83,'Test Checklist'!$M:$M,AO$84) -> 0 | AP86: =COUNTIFS('Test Checklist'!$D:$D,$A86,'Test Checklist'!$L:$L,$AJ$83,'Test Checklist'!$M:$M,AP$84) -> 0 | AQ86: =COUNTIFS('Test Checklist'!$D:$D,$A86,'Test Checklist'!$L:$L,$AJ$83,'Test Checklist'!$M:$M,AQ$84) -> 0 | AR86: =sum(AJ86:AQ86) -> 0 | AS86: =R86+AA86+AJ86 -> 0 | AT86: =S86+AB86+AK86 -> 23 | AU86: =T86+AC86+AL86 -> 0 | AV86: =U86+AD86+AM86 -> 0 | AW86: =V86+AE86+AN86 -> 0 | AX86: =W86+AF86+AO86 -> 0 | AY86: =X86+AG86+AP86 -> 0 | AZ86: =Y86+AH86+AQ86 -> 0 | BA86: =sum(AS86:AZ86) -> 23 | BB86: =A86 -> รายการ R06 - Unit Link Products [ULP] Commission override VFA | BC86: =iferror(AS86/$BA86, 0) -> 0 | BD86: =iferror(AT86/$BA86, 0) -> 1 | BE86: =iferror(AU86/$BA86, 0) -> 0 | BF86: =iferror(AV86/$BA86, 0) -> 0 | BG86: =iferror(AW86/$BA86, 0) -> 0 | BH86: =iferror(AX86/$BA86, 0) -> 0 | BI86: =iferror(AY86/$BA86, 0) -> 0 | BJ86: =iferror(AZ86/$BA86, 0) -> 0 | BK86: =sum(BC86:BJ86) -> 1
A87: =Var!P4 -> รายการ R02 - Ordinary Products [OP] Commission override GMM | B87: {=iferror(xlookup(A87, Var!P:P, Var!Q:Q), "")} -> Feature Priority 1 | C87: =IF(E87:E90=1, "Completed", IF(D87:D90="-", "-", IF(D87:D90>0, "In Progress", "Not Start") ) ) -> Completed | D87: =IFERROR(SUM(AS87:AX87)/BA87, "-") -> 1 | E87: =IFERROR(SUM(AS87:AU87)/BA87, "-") -> 1 | F87: =IFERROR(SUM(R87:W87)/Z87, "-") -> - | G87: =IFERROR(SUM(R87:T87)/Z87, "-") -> - | H87: =IFERROR(SUM(AA87:AF87)/AI87, "-") -> 1 | I87: =IFERROR(SUM(AA87:AC87)/AI87, "-") -> 1 | J87: =IFERROR(SUM(AJ87:AO87)/AR87, "-") -> - | K87: =IFERROR(SUM(AJ87:AL87)/AR87, "-") -> - | L87: chutima.so | M87: 46199 | O87: =if(C87<>"Not Start", minifs('Test Checklist'!$O:$O,'Test Checklist'!$D:$D, $A87), "") -> 46199 | P87: =if(C87="Completed", MAXIFS('Test Checklist'!$O:$O, 'Test Checklist'!$D:$D, $A87),"") -> 46202 | R87: =COUNTIFS('Test Checklist'!$D:$D,$A87,'Test Checklist'!$L:$L,$R$83,'Test Checklist'!$M:$M,R$84) -> 0 | S87: =COUNTIFS('Test Checklist'!$D:$D,$A87,'Test Checklist'!$L:$L,$R$83,'Test Checklist'!$M:$M,S$84) -> 0 | T87: =COUNTIFS('Test Checklist'!$D:$D,$A87,'Test Checklist'!$L:$L,$R$83,'Test Checklist'!$M:$M,T$84) -> 0 | U87: =COUNTIFS('Test Checklist'!$D:$D,$A87,'Test Checklist'!$L:$L,$R$83,'Test Checklist'!$M:$M,U$84) -> 0 | V87: =COUNTIFS('Test Checklist'!$D:$D,$A87,'Test Checklist'!$L:$L,$R$83,'Test Checklist'!$M:$M,V$84) -> 0 | W87: =COUNTIFS('Test Checklist'!$D:$D,$A87,'Test Checklist'!$L:$L,$R$83,'Test Checklist'!$M:$M,W$84) -> 0 | X87: =COUNTIFS('Test Checklist'!$D:$D,$A87,'Test Checklist'!$L:$L,$R$83,'Test Checklist'!$M:$M,X$84) -> 0 | Y87: =COUNTIFS('Test Checklist'!$D:$D,$A87,'Test Checklist'!$L:$L,$R$83,'Test Checklist'!$M:$M,Y$84) -> 0 | Z87: =sum(R87:Y87) -> 0 | AA87: =COUNTIFS('Test Checklist'!$D:$D,$A87,'Test Checklist'!$L:$L,$AA$83,'Test Checklist'!$M:$M,AA$84) -> 0 | AB87: =COUNTIFS('Test Checklist'!$D:$D,$A87,'Test Checklist'!$L:$L,$AA$83,'Test Checklist'!$M:$M,AB$84) -> 21 | AC87: =COUNTIFS('Test Checklist'!$D:$D,$A87,'Test Checklist'!$L:$L,$AA$83,'Test Checklist'!$M:$M,AC$84) -> 0 | AD87: =COUNTIFS('Test Checklist'!$D:$D,$A87,'Test Checklist'!$L:$L,$AA$83,'Test Checklist'!$M:$M,AD$84) -> 0 | AE87: =COUNTIFS('Test Checklist'!$D:$D,$A87,'Test Checklist'!$L:$L,$AA$83,'Test Checklist'!$M:$M,AE$84) -> 0 | AF87: =COUNTIFS('Test Checklist'!$D:$D,$A87,'Test Checklist'!$L:$L,$AA$83,'Test Checklist'!$M:$M,AF$84) -> 0 | AG87: =COUNTIFS('Test Checklist'!$D:$D,$A87,'Test Checklist'!$L:$L,$AA$83,'Test Checklist'!$M:$M,AG$84) -> 0 | AH87: =COUNTIFS('Test Checklist'!$D:$D,$A87,'Test Checklist'!$L:$L,$AA$83,'Test Checklist'!$M:$M,AH$84) -> 0 | AI87: =sum(AA87:AH87) -> 21 | AJ87: =COUNTIFS('Test Checklist'!$D:$D,$A87,'Test Checklist'!$L:$L,$AJ$83,'Test Checklist'!$M:$M,AJ$84) -> 0 | AK87: =COUNTIFS('Test Checklist'!$D:$D,$A87,'Test Checklist'!$L:$L,$AJ$83,'Test Checklist'!$M:$M,AK$84) -> 0 | AL87: =COUNTIFS('Test Checklist'!$D:$D,$A87,'Test Checklist'!$L:$L,$AJ$83,'Test Checklist'!$M:$M,AL$84) -> 0 | AM87: =COUNTIFS('Test Checklist'!$D:$D,$A87,'Test Checklist'!$L:$L,$AJ$83,'Test Checklist'!$M:$M,AM$84) -> 0 | AN87: =COUNTIFS('Test Checklist'!$D:$D,$A87,'Test Checklist'!$L:$L,$AJ$83,'Test Checklist'!$M:$M,AN$84) -> 0 | AO87: =COUNTIFS('Test Checklist'!$D:$D,$A87,'Test Checklist'!$L:$L,$AJ$83,'Test Checklist'!$M:$M,AO$84) -> 0 | AP87: =COUNTIFS('Test Checklist'!$D:$D,$A87,'Test Checklist'!$L:$L,$AJ$83,'Test Checklist'!$M:$M,AP$84) -> 0 | AQ87: =COUNTIFS('Test Checklist'!$D:$D,$A87,'Test Checklist'!$L:$L,$AJ$83,'Test Checklist'!$M:$M,AQ$84) -> 0 | AR87: =sum(AJ87:AQ87) -> 0 | AS87: =R87+AA87+AJ87 -> 0 | AT87: =S87+AB87+AK87 -> 21 | AU87: =T87+AC87+AL87 -> 0 | AV87: =U87+AD87+AM87 -> 0 | AW87: =V87+AE87+AN87 -> 0 | AX87: =W87+AF87+AO87 -> 0 | AY87: =X87+AG87+AP87 -> 0 | AZ87: =Y87+AH87+AQ87 -> 0 | BA87: =sum(AS87:AZ87) -> 21 | BB87: =A87 -> รายการ R02 - Ordinary Products [OP] Commission override GMM | BC87: =iferror(AS87/$BA87, 0) -> 0 | BD87: =iferror(AT87/$BA87, 0) -> 1 | BE87: =iferror(AU87/$BA87, 0) -> 0 | BF87: =iferror(AV87/$BA87, 0) -> 0 | BG87: =iferror(AW87/$BA87, 0) -> 0 | BH87: =iferror(AX87/$BA87, 0) -> 0 | BI87: =iferror(AY87/$BA87, 0) -> 0 | BJ87: =iferror(AZ87/$BA87, 0) -> 0 | BK87: =sum(BC87:BJ87) -> 1
A88: =Var!P5 -> รายการ R14 - Ordinary Products [OP] APL and PL GMM | B88: {=iferror(xlookup(A88, Var!P:P, Var!Q:Q), "")} -> Feature Priority 1 | C88: =IF(E88:E91=1, "Completed", IF(D88:D91="-", "-", IF(D88:D91>0, "In Progress", "Not Start") ) ) -> In Progress | D88: =IFERROR(SUM(AS88:AX88)/BA88, "-") -> 1 | E88: =IFERROR(SUM(AS88:AU88)/BA88, "-") -> 0 | F88: =IFERROR(SUM(R88:W88)/Z88, "-") -> - | G88: =IFERROR(SUM(R88:T88)/Z88, "-") -> - | H88: =IFERROR(SUM(AA88:AF88)/AI88, "-") -> 1 | I88: =IFERROR(SUM(AA88:AC88)/AI88, "-") -> 0 | J88: =IFERROR(SUM(AJ88:AO88)/AR88, "-") -> - | K88: =IFERROR(SUM(AJ88:AL88)/AR88, "-") -> - | L88: chutima.so | M88: 46212 | O88: =if(C88<>"Not Start", minifs('Test Checklist'!$O:$O,'Test Checklist'!$D:$D, $A88), "") -> 46205 | P88: =if(C88="Completed", MAXIFS('Test Checklist'!$O:$O, 'Test Checklist'!$D:$D, $A88),"") | R88: =COUNTIFS('Test Checklist'!$D:$D,$A88,'Test Checklist'!$L:$L,$R$83,'Test Checklist'!$M:$M,R$84) -> 0 | S88: =COUNTIFS('Test Checklist'!$D:$D,$A88,'Test Checklist'!$L:$L,$R$83,'Test Checklist'!$M:$M,S$84) -> 0 | T88: =COUNTIFS('Test Checklist'!$D:$D,$A88,'Test Checklist'!$L:$L,$R$83,'Test Checklist'!$M:$M,T$84) -> 0 | U88: =COUNTIFS('Test Checklist'!$D:$D,$A88,'Test Checklist'!$L:$L,$R$83,'Test Checklist'!$M:$M,U$84) -> 0 | V88: =COUNTIFS('Test Checklist'!$D:$D,$A88,'Test Checklist'!$L:$L,$R$83,'Test Checklist'!$M:$M,V$84) -> 0 | W88: =COUNTIFS('Test Checklist'!$D:$D,$A88,'Test Checklist'!$L:$L,$R$83,'Test Checklist'!$M:$M,W$84) -> 0 | X88: =COUNTIFS('Test Checklist'!$D:$D,$A88,'Test Checklist'!$L:$L,$R$83,'Test Checklist'!$M:$M,X$84) -> 0 | Y88: =COUNTIFS('Test Checklist'!$D:$D,$A88,'Test Checklist'!$L:$L,$R$83,'Test Checklist'!$M:$M,Y$84) -> 0 | Z88: =sum(R88:Y88) -> 0 | AA88: =COUNTIFS('Test Checklist'!$D:$D,$A88,'Test Checklist'!$L:$L,$AA$83,'Test Checklist'!$M:$M,AA$84) -> 0 | AB88: =COUNTIFS('Test Checklist'!$D:$D,$A88,'Test Checklist'!$L:$L,$AA$83,'Test Checklist'!$M:$M,AB$84) -> 0 | AC88: =COUNTIFS('Test Checklist'!$D:$D,$A88,'Test Checklist'!$L:$L,$AA$83,'Test Checklist'!$M:$M,AC$84) -> 0 | AD88: =COUNTIFS('Test Checklist'!$D:$D,$A88,'Test Checklist'!$L:$L,$AA$83,'Test Checklist'!$M:$M,AD$84) -> 0 | AE88: =COUNTIFS('Test Checklist'!$D:$D,$A88,'Test Checklist'!$L:$L,$AA$83,'Test Checklist'!$M:$M,AE$84) -> 0 | AF88: =COUNTIFS('Test Checklist'!$D:$D,$A88,'Test Checklist'!$L:$L,$AA$83,'Test Checklist'!$M:$M,AF$84) -> 12 | AG88: =COUNTIFS('Test Checklist'!$D:$D,$A88,'Test Checklist'!$L:$L,$AA$83,'Test Checklist'!$M:$M,AG$84) -> 0 | AH88: =COUNTIFS('Test Checklist'!$D:$D,$A88,'Test Checklist'!$L:$L,$AA$83,'Test Checklist'!$M:$M,AH$84) -> 0 | AI88: =sum(AA88:AH88) -> 12 | AJ88: =COUNTIFS('Test Checklist'!$D:$D,$A88,'Test Checklist'!$L:$L,$AJ$83,'Test Checklist'!$M:$M,AJ$84) -> 0 | AK88: =COUNTIFS('Test Checklist'!$D:$D,$A88,'Test Checklist'!$L:$L,$AJ$83,'Test Checklist'!$M:$M,AK$84) -> 0 | AL88: =COUNTIFS('Test Checklist'!$D:$D,$A88,'Test Checklist'!$L:$L,$AJ$83,'Test Checklist'!$M:$M,AL$84) -> 0 | AM88: =COUNTIFS('Test Checklist'!$D:$D,$A88,'Test Checklist'!$L:$L,$AJ$83,'Test Checklist'!$M:$M,AM$84) -> 0 | AN88: =COUNTIFS('Test Checklist'!$D:$D,$A88,'Test Checklist'!$L:$L,$AJ$83,'Test Checklist'!$M:$M,AN$84) -> 0 | AO88: =COUNTIFS('Test Checklist'!$D:$D,$A88,'Test Checklist'!$L:$L,$AJ$83,'Test Checklist'!$M:$M,AO$84) -> 0 | AP88: =COUNTIFS('Test Checklist'!$D:$D,$A88,'Test Checklist'!$L:$L,$AJ$83,'Test Checklist'!$M:$M,AP$84) -> 0 | AQ88: =COUNTIFS('Test Checklist'!$D:$D,$A88,'Test Checklist'!$L:$L,$AJ$83,'Test Checklist'!$M:$M,AQ$84) -> 0 | AR88: =sum(AJ88:AQ88) -> 0 | AS88: =R88+AA88+AJ88 -> 0 | AT88: =S88+AB88+AK88 -> 0 | AU88: =T88+AC88+AL88 -> 0 | AV88: =U88+AD88+AM88 -> 0 | AW88: =V88+AE88+AN88 -> 0 | AX88: =W88+AF88+AO88 -> 12 | AY88: =X88+AG88+AP88 -> 0 | AZ88: =Y88+AH88+AQ88 -> 0 | BA88: =sum(AS88:AZ88) -> 12 | BB88: =A88 -> รายการ R14 - Ordinary Products [OP] APL and PL GMM | BC88: =iferror(AS88/$BA88, 0) -> 0 | BD88: =iferror(AT88/$BA88, 0) -> 0 | BE88: =iferror(AU88/$BA88, 0) -> 0 | BF88: =iferror(AV88/$BA88, 0) -> 0 | BG88: =iferror(AW88/$BA88, 0) -> 0 | BH88: =iferror(AX88/$BA88, 0) -> 1 | BI88: =iferror(AY88/$BA88, 0) -> 0 | BJ88: =iferror(AZ88/$BA88, 0) -> 0 | BK88: =sum(BC88:BJ88) -> 1
A89: %Test Progress (Ready for Test) | D89: =iferror(average(D85:D88), 0) -> 1 | E89: =iferror(average(E85:E88), 0) -> 0.75 | F89: =iferror(average(F85:F88), 0) -> 0 | G89: =iferror(average(G85:G88), 0) -> 0 | H89: =iferror(average(H85:H88), 0) -> 1 | I89: =iferror(average(I85:I88), 0) -> 0.75 | J89: =iferror(average(J85:J88), 0) -> 0 | K89: =iferror(average(K85:K88), 0) -> 0 | R89: =subtotal(9,R85:R88) -> 0 | S89: =subtotal(9,S85:S88) -> 0 | T89: =subtotal(9,T85:T88) -> 0 | U89: =subtotal(9,U85:U88) -> 0 | V89: =subtotal(9,V85:V88) -> 0 | W89: =subtotal(9,W85:W88) -> 0 | X89: =subtotal(9,X85:X88) -> 0 | Y89: =subtotal(9,Y85:Y88) -> 0 | Z89: =sum(R89:Y89) -> 0 | AA89: =subtotal(9,AA85:AA88) -> 0 | AB89: =subtotal(9,AB85:AB88) -> 63 | AC89: =subtotal(9,AC85:AC88) -> 0 | AD89: =subtotal(9,AD85:AD88) -> 0 | AE89: =subtotal(9,AE85:AE88) -> 0 | AF89: =subtotal(9,AF85:AF88) -> 12 | AG89: =subtotal(9,AG85:AG88) -> 0 | AH89: =subtotal(9,AH85:AH88) -> 0 | AI89: =sum(AA89:AH89) -> 75 | AJ89: =subtotal(9,AJ85:AJ88) -> 0 | AK89: =subtotal(9,AK85:AK88) -> 0 | AL89: =subtotal(9,AL85:AL88) -> 0 | AM89: =subtotal(9,AM85:AM88) -> 0 | AN89: =subtotal(9,AN85:AN88) -> 0 | AO89: =subtotal(9,AO85:AO88) -> 0 | AP89: =subtotal(9,AP85:AP88) -> 0 | AQ89: =subtotal(9,AQ85:AQ88) -> 0 | AR89: =sum(AJ89:AQ89) -> 0 | AS89: =subtotal(9,AS85:AS88) -> 0 | AT89: =subtotal(9,AT85:AT88) -> 63 | AU89: =subtotal(9,AU85:AU88) -> 0 | AV89: =subtotal(9,AV85:AV88) -> 0 | AW89: =subtotal(9,AW85:AW88) -> 0 | AX89: =subtotal(9,AX85:AX88) -> 12 | AY89: =subtotal(9,AY85:AY88) -> 0 | AZ89: =subtotal(9,AZ85:AZ88) -> 0 | BA89: =sum(AS89:AZ89) -> 75 | BC89: =AS89/$BA89 -> 0 | BD89: =AT89/$BA89 -> 0.84 | BE89: =AU89/$BA89 -> 0 | BF89: =AV89/$BA89 -> 0 | BG89: =AW89/$BA89 -> 0 | BH89: =AX89/$BA89 -> 0.16 | BI89: =AY89/$BA89 -> 0 | BJ89: =AZ89/$BA89 -> 0 | BK89: =sum(BC89:BJ89) -> 1
A90: %Test Progress (Overall) | D90: =iferror(average(D85:D88)*$B$78, 0) -> 1 | E90: =iferror(average(E85:E88)*$B$78, 0) -> 0.75 | F90: =iferror(average(F85:F88)*$B$78, 0) -> 0 | G90: =iferror(average(G85:G88)*$B$78, 0) -> 0 | H90: =iferror(average(H85:H88)*$B$78, 0) -> 1 | I90: =iferror(average(I85:I88)*$B$78, 0) -> 0.75 | J90: =iferror(average(J85:J88)*$B$78, 0) -> 0 | K90: =iferror(average(K85:K88)*$B$78, 0) -> 0
A92: Issue Summary
R110: Root Cause Category | S110: Root Cause | T110: Total | U110: % | V110: คำอธิบาย
A111: Priority | B111: New | C111: In Progress | D111: Reopened | E111: Resolved | F111: Closed | G111: Total | R111: Requirement | S111: Requirement Change | T111: =countifs(Redmine!V:V, S111) -> 0 | U111: =iferror(T111/$T$125, 0) -> 0 | V111: การเปลี่ยนแปลง Requirement จากผู้ใช้งาน
A112: Immediate | B112: =COUNTIFS(Redmine!$E:$E, $A112, Redmine!$D:$D, B$111) -> 0 | C112: =COUNTIFS(Redmine!$E:$E, $A112, Redmine!$D:$D, C$111) -> 0 | D112: =COUNTIFS(Redmine!$E:$E, $A112, Redmine!$D:$D, D$111) -> 0 | E112: =COUNTIFS(Redmine!$E:$E, $A112, Redmine!$D:$D, E$111) -> 0 | F112: =COUNTIFS(Redmine!$E:$E, $A112, Redmine!$D:$D, F$111) -> 0 | G112: =SUM(B112:F112) -> 0 | S112: Missing Requirement | T112: =countifs(Redmine!V:V, S112) -> 0 | U112: =iferror(T112/$T$125, 0) -> 0 | V112: Requirement ที่ไม่ได้รับแจ้งจากผู้ใช้งาน
A113: Urgent | B113: =COUNTIFS(Redmine!$E:$E, $A113, Redmine!$D:$D, B$111) -> 0 | C113: =COUNTIFS(Redmine!$E:$E, $A113, Redmine!$D:$D, C$111) -> 0 | D113: =COUNTIFS(Redmine!$E:$E, $A113, Redmine!$D:$D, D$111) -> 0 | E113: =COUNTIFS(Redmine!$E:$E, $A113, Redmine!$D:$D, E$111) -> 0 | F113: =COUNTIFS(Redmine!$E:$E, $A113, Redmine!$D:$D, F$111) -> 0 | G113: =SUM(B113:F113) -> 0 | R113: Design | S113: Incorrect Specification | T113: =countifs(Redmine!V:V, S113) -> 0 | U113: =iferror(T113/$T$125, 0) -> 0 | V113: Specification/Design ไม่สอดคล้องกับ Business Requirement
A114: High | B114: =COUNTIFS(Redmine!$E:$E, $A114, Redmine!$D:$D, B$111) -> 0 | C114: =COUNTIFS(Redmine!$E:$E, $A114, Redmine!$D:$D, C$111) -> 0 | D114: =COUNTIFS(Redmine!$E:$E, $A114, Redmine!$D:$D, D$111) -> 0 | E114: =COUNTIFS(Redmine!$E:$E, $A114, Redmine!$D:$D, E$111) -> 0 | F114: =COUNTIFS(Redmine!$E:$E, $A114, Redmine!$D:$D, F$111) -> 0 | G114: =SUM(B114:F114) -> 0 | R114: Development | S114: Application Defect | T114: =countifs(Redmine!V:V, S114) -> 0 | U114: =iferror(T114/$T$125, 0) -> 0 | V114: ข้อบกพร่องในโค้ดหรือฟังก์ชันของแอปพลิเคชันที่ไม่ทำงานตามที่คาดหวัง
A115: Normal | B115: =COUNTIFS(Redmine!$E:$E, $A115, Redmine!$D:$D, B$111) -> 0 | C115: =COUNTIFS(Redmine!$E:$E, $A115, Redmine!$D:$D, C$111) -> 0 | D115: =COUNTIFS(Redmine!$E:$E, $A115, Redmine!$D:$D, D$111) -> 0 | E115: =COUNTIFS(Redmine!$E:$E, $A115, Redmine!$D:$D, E$111) -> 0 | F115: =COUNTIFS(Redmine!$E:$E, $A115, Redmine!$D:$D, F$111) -> 0 | G115: =SUM(B115:F115) -> 0 | S115: Configuration Defect | T115: =countifs(Redmine!V:V, S115) -> 0 | U115: =iferror(T115/$T$125, 0) -> 0 | V115: การตั้งค่าผิดพลาดในระบบหรือแอปพลิเคชันที่ทำให้ทำงานผิดปกติ
A116: Low | B116: =COUNTIFS(Redmine!$E:$E, $A116, Redmine!$D:$D, B$111) -> 0 | C116: =COUNTIFS(Redmine!$E:$E, $A116, Redmine!$D:$D, C$111) -> 0 | D116: =COUNTIFS(Redmine!$E:$E, $A116, Redmine!$D:$D, D$111) -> 0 | E116: =COUNTIFS(Redmine!$E:$E, $A116, Redmine!$D:$D, E$111) -> 0 | F116: =COUNTIFS(Redmine!$E:$E, $A116, Redmine!$D:$D, F$111) -> 0 | G116: =SUM(B116:F116) -> 0 | S116: Missing Standard Practices | T116: =countifs(Redmine!V:V, S116) -> 0 | U116: =iferror(T116/$T$125, 0) -> 0 | V116: ข้อผิดพลาดของระบบที่ไม่เป็นไปตามมาตรฐานสากลหรือข้อตกลงภายในทีม (Standard Practices)
A117: Total | B117: =SUBTOTAL(9, B112:B116) -> 0 | C117: =SUBTOTAL(9, C112:C116) -> 0 | D117: =SUBTOTAL(9, D112:D116) -> 0 | E117: =SUBTOTAL(9, E112:E116) -> 0 | F117: =SUBTOTAL(9, F112:F116) -> 0 | G117: =SUM(B117:F117) -> 0 | S117: Performance Issue | T117: =countifs(Redmine!V:V, S117) -> 0 | U117: =iferror(T117/$T$125, 0) -> 0 | V117: ปัญหาที่เกิดจากประสิทธิภาพของระบบไม่เป็นไปตามที่คาดหวัง หรือไม่สามารถรองรับโหลดได้
S118: UX/UI | T118: =countifs(Redmine!V:V, S118) -> 0 | U118: =iferror(T118/$T$125, 0) -> 0 | V118: รูปแบบ UI หรือการจัดวางองค์ประกอบในหน้าจอไม่เป็นระเบียบ
R119: Testing | S119: Question/Misunderstanding | T119: =countifs(Redmine!V:V, S119) -> 0 | U119: =iferror(T119/$T$125, 0) -> 0 | V119: คำถาม หรือความเข้าใจผิด
S120: Data Defect | T120: =countifs(Redmine!V:V, S120) -> 0 | U120: =iferror(T120/$T$125, 0) -> 0 | V120: ข้อมูลที่ใช้ทดสอบไม่ถูกต้อง
S121: Environment Issue | T121: =countifs(Redmine!V:V, S121) -> 0 | U121: =iferror(T121/$T$125, 0) -> 0 | V121: ปัญหาที่เกิดจาก Environment ที่ไม่เหมาะสม
R122: Production Issue | S122: Production Issue | T122: =countifs(Redmine!V:V, S122) -> 0 | U122: =iferror(T122/$T$125, 0) -> 0 | V122: ปัญหาที่เกิดขึ้นในระบบที่ใช้งานจริง (Production Issue)
S123: Production Data | T123: =countifs(Redmine!V:V, S123) -> 0 | U123: =iferror(T123/$T$125, 0) -> 0 | V123: ข้อมูลที่ Production ไม่ถูกต้อง ต้องดำเนินการ Data Cleansing
R124: Under Investigated | S124: Under Investigated | T124: =countifs(Redmine!V:V, S124) -> 0 | U124: =iferror(T124/$T$125, 0) -> 0 | V124: ปัญหาที่ยังอยู่ระหว่างการวิเคราะห์สาเหตุ
R125: Total | T125: =sum(T111:T124) -> 0 | U125: =sum(U111:U124) -> 0

Sheet Test Plan
A1: Test Plan
A3: Reference
A5: No. | B5: Reference | C5: Remark
A6: 1 | B6: Project Charter
A7: 2 | B7: Project Estimation
A8: 3 | B8: Business Requirement Document (BRD)
A9: 4 | B9: Business Workflow
A10: 5 | B10: Business Scenario
A11: 6 | B11: Business Requirements อื่นๆ เช่น ข้อกำหนดการขาย, ระเบียบ ฯลฯ
A12: 7 | B12: Requirement Traceability Matrix (RTM)
A13: 8 | B13: Product Architecture (PA)
A14: 9 | B14: Software Requirements Specification (SRS)
A15: 10 | B15: Functional Requirement Document (FSD)
A16: 11 | B16: Technical Specification Document (TSD)
A17: 12 | B17: Data Migration Strategy (ถ้ามี)
A18: 13 | B18: Cost Analysis (CA)
A19: 14 | B19: Project Plan | C19: https://redmine.ochi.link/
A20: 15
A21: 16
A23: Assumption
A25: No. | B25: Assumption
A26: 1
A27: 2
A28: 3
A30: In Scopes of Testing
A32: No. | B32: In Scopes of Testing
A33: 1
A34: 2
A35: 3
A36: 4
A37: 5
A39: Out Scopes of Testing
A41: No. | B41: Out Scopes of Testing
A42: 1
A43: 2 | B43: ส่วนอื่นๆ ที่ไม่อยู่ใน In Scopes of Testing
A45: Impact/Related System
A47: No. | B47: System | C47: Impacted/Related System
A48: 1
A49: 2
A51: Test Device
A53: No. | B53: Device | C53: OS/Version | D53: Browser/Version | E53: Resolution | F53: Remark
A54: 1 | B54: Desktop | C54: Windows 10 Service Pack 1 | D54: Google Chrome
A55: 2 | B55: Tablet/Mobile | C55: iOS (Tablet/Mobile) | D55: Google Chrome
A56: 3 | B56: Tablet/Mobile | C56: Android (Tablet/Mobile) | D56: Google Chrome
A58: การจัดลำดับความสำคัญของการทดสอบ (Test Execution Plan)
A60: Feature Priority
A62: การกำหนดระดับความสำคัญของ Feature โดยพิจารณาจาก ผลกระทบทางธุรกิจ (Business Impact) และ ความถี่ในการใช้งาน (Frequency)
A64: Feature Priority | B64: Definition (นิยาม) | C64: Business Impact (ผลกระทบทางธุรกิจ) | D64: Frequency (ความถี่ในการใช้งาน)
A65: Feature Priority 1 | B65: Critical Feature: ฟีเจอร์หลักที่เป็นหัวใจสำคัญของระบบ หากทำงานผิดพลาดจะส่งผลกระทบโดยตรงต่อธุรกิจทันที | C65: สูง: ทำให้ธุรกิจหยุดชะงัก, สูญเสียรายได้จำนวนมาก หรือมีปัญหาด้านความปลอดภัย/กฎหมายร้ายแรง | D65: สูง: เป็นฟังก์ชันที่ผู้ใช้เกือบทุกคนต้องใช้งานเป็นประจำทุกวัน (Core Daily Workflow)
A66: Feature Priority 2 | B66: Supporting Feature: ฟีเจอร์สนับสนุนที่สำคัญต่อการทำงานให้ครบถ้วน แต่ไม่ใช่ช่องทางหลักในการทำธุรกรรม | C66: ปานกลาง: มีผลกระทบต่อการทำงานของผู้ใช้บางกลุ่ม แต่ยังมีวิธีทำงานอื่นทดแทนได้ (Workaround) | D66: ปานกลาง: มีการใช้งานเป็นครั้งคราวตามรอบเวลา (เช่น ทุกสัปดาห์ หรือทุกสิ้นเดือน)
A67: Feature Priority 3 | B67: Optional/Minor Feature: ฟีเจอร์ส่วนเสริมหรือเครื่องมืออำนวยความสะดวกเล็กน้อย | C67: น้อย: กระทบเพียงความสะดวกสบายหรือภาพลักษณ์ โดยไม่ส่งผลต่อความถูกต้องของข้อมูลหลัก | D67: ต่ำ: นานๆ ใช้งานครั้งหนึ่ง (Seldom) หรือเป็นฟังก์ชันสำหรับผู้ใช้กลุ่มเฉพาะที่เล็กมาก
A69: Test Cases Priority
A71: การจัดลำดับความสำคัญของชุดทดสอบ (Test Cases) ต่างๆ ที่ใช้ในการทดสอบระบบหรือซอฟต์แวร์ โดยการจัดลำดับจะพิจารณาจาก ความสำคัญทางธุรกิจ (Business Impact) ความถี่ในการใช้งาน (Usage Frequency) และ ความเสี่ยง (Risk) ที่เกี่ยวข้องกับฟังก์ชันนั้นๆ ซึ่งจะช่วยให้ทีมทดสอบสามารถมุ่งเน้นและดำเนินการทดสอบในส่วนที่สำคัญที่สุดก่อน เพื่อให้มั่นใจว่าฟังก์ชันหลักของระบบทำงานได้อย่างถูกต้อง
A73: Test Cases Priority | B73: Definition | C73: Test Case Type
A74: High | B74: "ต้องรอด": เป็นเคสวิกฤตที่ต้องผ่าน 100% หากพังห้ามปล่อยระบบเด็ดขาด | C74: • Functional (Happy Path): การทำงานหลักตามขั้นตอนปกติที่ผู้ใช้ต้องทำให้สำเร็จ • Security: การตรวจสอบสิทธิ์เข้าใช้งานและความปลอดภัยของข้อมูล • Integration: การเชื่อมต่อรับส่งข้อมูลระหว่างระบบหรือ API • Business Logic: การคำนวณและเงื่อนไขตามกฎธุรกิจ (เช่น สูตรภาษี, ส่วนลด)
A75: Medium | B75: "ต้องแม่น": เป็นเคสความถูกต้องของข้อมูล ต้องแก้ไขให้เสร็จก่อนขึ้นระบบจริง | C75: • Negative Test: การจัดการของระบบเมื่อเกิดข้อผิดพลาด (เช่น ใส่ข้อมูลผิดแล้วระบบต้องไม่ค้าง) • Input Validation: การตรวจสอบรูปแบบข้อมูลพื้นฐาน (เช่น รูปแบบ Email, เบอร์โทร) • Performance: ความเร็วในการโหลดหน้าจอทั่วไป (Response Time) ต้องไม่ช้าเกินไปจนผู้ใช้เลิกใช้ • Load: ระบบรองรับคนจำนวนมากเข้าใช้งานพร้อมกัน
A76: Low | B76: "ต้องเป๊ะ": เป็นเคสความสวยงามและความสะดวก สามารถปล่อยระบบได้และตามแก้ภายหลัง | C76: • UI/UX: ความถูกต้องของการจัดวางหน้าจอ สี ฟอนต์ และความง่ายในการใช้งาน • Compatibility: การแสดงผลตามอุปกรณ์
A78: Test Execution Plan
A80: แผนการดำเนินการทดสอบที่ระบุลำดับขั้นตอนในการรันชุดทดสอบ (Test Cases) อย่างเป็นระบบ โดยมีการกำหนดลำดับความสำคัญ (Prioritization) เพื่อให้ทีมทดสอบมุ่งเน้นไปยังส่วนที่สำคัญที่สุดก่อน เพื่อให้มั่นใจว่าฟังก์ชันหลักของระบบทำงานได้อย่างถูกต้องตามความต้องการของธุรกิจ
A82: Test Execution Order | B82: Objective | C82: Feature Priority | D82: Test Cases Priority
A83: 1 | B83: "หัวใจของระบบต้องรอด": ยืนยันว่าฟังก์ชันหลัก (Happy Path), ความปลอดภัย (Security), การเชื่อมต่อ (Integration) และสูตรคำนวณทางธุรกิจ (Business Logic) ของฟีเจอร์สำคัญที่สุดทำงานถูกต้อง 100% | C83: Feature Priority 1 | D83: High
A84: 2 | B84: "ฟีเจอร์หลักต้องแม่นยำและเสถียร": ตรวจสอบการจัดการเมื่อเกิดข้อผิดพลาด (Negative Test), รูปแบบข้อมูล (Input Validation), ความเร็ว (Performance) และการรองรับผู้ใช้ (Load) ของฟีเจอร์หลัก | C84: Feature Priority 1 | D84: Medium
A85: 3 | B85: "ระบบเสริมพื้นฐานต้องผ่าน": ตรวจสอบการทำงานหลักตามขั้นตอนปกติ (Happy Path) และความปลอดภัยของฟีเจอร์สนับสนุนที่สำคัญ เพื่อให้มั่นใจว่าทำงานร่วมกับระบบหลักได้ | C85: Feature Priority 2 | D85: High
A86: 4 | B86: "ระบบเสริมต้องเสถียร": ทดสอบการดักจับข้อผิดพลาด (Negative) และความถูกต้องของข้อมูล (Input Validation) ในฟีเจอร์สนับสนุน เพื่อลดความเสี่ยงของข้อมูลผิดเพี้ยน | C86: Feature Priority 2 | D86: Medium
A87: 5 | B87: "ความสวยงามของระบบหลัก": ตรวจสอบ UI/UX และการแสดงผลตามอุปกรณ์ (Compatibility) ของฟีเจอร์ที่คนใช้งานบ่อย เพื่อสร้างประสบการณ์ที่ดีแก่ผู้ใช้ | C87: Feature Priority 1 | D87: Low
A88: 6 | B88: "ความสมบูรณ์ของระบบเสริม": ตรวจสอบความถูกต้องของการจัดวางหน้าจอและภาษา (Localization) ของฟีเจอร์สนับสนุน | C88: Feature Priority 2 | D88: Low
A89: 7 | B89: "ฟังก์ชันเสริมทำงานถูกต้อง": ตรวจสอบการทำงานเบื้องต้นของฟีเจอร์ส่วนเสริมที่มีคนใช้งานน้อย | C89: Feature Priority 3 | D89: High
A90: 8 | B90: "ความเสถียรของฟังก์ชันเสริม": เก็บเคส Negative และ Validation ของฟีเจอร์ส่วนเสริมตามเวลาที่เหลือ | C90: Feature Priority 3 | D90: Medium
A91: 9 | B91: "เก็บรายละเอียดส่วนสุดท้าย": ตรวจสอบ UI/UX ของฟีเจอร์ส่วนเสริมเพื่อความเป๊ะของระบบในภาพรวม | C91: Feature Priority 3 | D91: Low
A94: Types of Testing
A96: No. | B96: Types of Testing | C96: Test Scope | D96: Responsible By | E96: In Scopes of Testing? (Yes/No)
A97: 1 | B97: Unit Test
A98: 1.1 | B98: Unit Test (UT) | C98: - Testing of individual components. - Testing of combined components as a stand alone module. | D98: Developer | E98: Yes
A99: 1.2 | B99: Integration Test (IT) | C99: - Involves building an application from its components and testing for problems that arise from component interactions. - Testing groups of components integrated to create sub-system or a system. - Testing of across modules end-to-end functions (without external interfaces). | D99: Developer, System Analyst | E99: Yes
A100: 2 | B100: System Integration Test (SIT)
A101: 2.1 | B101: Function Test (FT) | C101: - Testing to ensure that software conforms with all the required functionality worked as expected requirements. | D101: Tester | E101: Yes
A102: 2.2 | B102: System Integration Test (SIT) | C102: - Whole product in integrated environment. - External Interfaces are connected and data can be processed. - Systems security testing. | D102: Tester | E102: Yes
A103: 3 | B103: User Acceptance Test (UAT)
A104: 3.1 | B104: User Acceptance Test (UAT) | C104: - User security, roles & access rights. - Use case & product based testing. - End-to-end business testing. - All I/O reports (online & batch). | D104: User | E104: Yes
A105: 4 | B105: Non Functional Test
A106: 4.1 | B106: Secure Design & Secure Coding | C106: - Security and ethical hacking. | D106: Tester | E106: Yes
A107: 4.2 | B107: Performance Test | C107: - User experience testing to validate SLA (batch and online based on expected usages). | D107: Tester | E107: Yes
A108: 4.3 | B108: Load Test | C108: - User experience testing to validate load of the system as expected usage. | D108: Tester | E108: Yes
A110: Testing Technique
A112: No. | B112: Testing Technique
A113: 1 | B113: Boundary Value Anaylis (BVA)
A114: 2 | B114: Equivalent Class Partition (ECP)
A115: 3 | B115: State Transition (ST)
A116: 4 | B116: Use Cases
A118: Test Tool
A120: No. | B120: Test Tool | C120: Description
A121: 1 | B121: Jira | C121: Defect management system tool
A122: 2 | B122: Libre Office/Microsoft Office/Google Sheet | C122: Report tool
A123: 3 | B123: Google Chrome | C123: Web browser
A124: 4 | B124: PicPick, Shutter | C124: Screen capture tool
A125: 5 | B125: DBeaver | C125: Open-source Java SQL client program for any JDBC compliant database
A126: 6 | B126: Oracle SQL Developer Tool | C126: SQL developer tool
A127: 7 | B127: PG Admin | C127: Open-source administration and development platform for PostgreSQL
A128: 8 | B128: Notepad ++, Scite Text Editor | C128: Text editor tool
A129: 9 | B129: Winmerge | C129: Differencing and merging tool presenting differences in visual text format (optional)
...

Sheet Timeline

Sheet Test Checklist
A1: Test Checklist
A3: Test Execution Order | B3: Test Checklist ID | C3: Application | D3: Feature * | E3: Test Case Type * | F3: Test Objective | G3: Test Condition | H3: Test Step | I3: Expected Results | J3: Test Data | K3: Feature Priority | L3: Test Case Priority | M3: Test Status * | N3: Tested By | O3: Tested Date | P3: Redmine No. | Q3: Remark
B4: รายการ R05 - Unit Link Products [ULP] Premium Receipt VFA | F4: Process การประมวลผลข้อมูลออกรายงาน R05
B5: รายงาน R05ACC (ฝ่ายบัญชี)
B6: TC-R05-01 | C6: Enterprise Data Warehouse | D6: รายการ R05 - Unit Link Products [ULP] Premium Receipt VFA | E6: Functional (Happy Path) | F6: ตรวจสอบ เพิ่มการดึง GL Code ของรายงาน R05ACC - 14011000 : เบี้ยประกันชีวิตค้างรับ - 14012000 : เบี้ยประกันอุบัติเหตุค้างรับ - 14013000 : เบี้ยประกันสุขภาพค้างรับ - 21540005 : เบี้ยประกันชีวิตรับล่วงหน้า - 21540010 : เบี้ยประกันอุบัติเหตุรับล่วงหน้า - 21540015 : เบี้ยประกันสุขภาพรับล่วงหน้า - 21540006 : ส่วนลดเบี้ยประกันชีวิตล่วงหน้า | H6: 1. Log in เข้าระบบ NBS : acc1 2. เลือกเมนู : ระบบงาน Back Office > ระบบ Enterprise Data Warehouse > ระบบ Enterprise Data Warehouse 3. เลือกเมนู : Reconcile Data > ปรับปรุงรายการทางบัญชี -> ระบุเงื่อนไขการประมวลผล -> กดปุ่ม ประมวลผล | I6: 1. รายงาน R05ACC : แสดงข้อมูล บัญชี และดึงข้อมูล GL Code มาแสดงครบถ้วนถูกต้อง - 14011000 : เบี้ยประกันชีวิตค้างรับ - 14012000 : เบี้ยประกันอุบัติเหตุค้างรับ - 14013000 : เบี้ยประกันสุขภาพค้างรับ - 21540005 : เบี้ยประกันชีวิตรับล่วงหน้า - 21540010 : เบี้ยประกันอุบัติเหตุรับล่วงหน้า - 21540015 : เบี้ยประกันสุขภาพรับล่วงหน้า - 21540006 : ส่วนลดเบี้ยประกันชีวิตล่วงหน้า | K6: {=IF(D6="", "", IFERROR(XLOOKUP(D6, Var!$P:$P, Var!$Q:$Q), ""))} -> Feature Priority 1 | L6: Medium | M6: Passed | N6: chutima.so | O6: 46204 | Q6: ผลทดสอบ SIT Result : UR 20260040 Improvement for OIC timeline (ปรับปรุง R- Report) Note SA น้องจูน ทดสอบได้แค่ GL Code : 14011000 เพราะ GL Code : 14012000, 14013000, 21540005, 21540010, 21540015, 21540006 ยังไม่มี set ในผังค่ะ
B7: TC-R05-02 | C7: Enterprise Data Warehouse | D7: รายการ R05 - Unit Link Products [ULP] Premium Receipt VFA | E7: Functional (Happy Path) | F7: ตรวจสอบ การแสดงข้อมูล GL Code หมวด 4 ที่ผูกกับ EventCode : ML-0009 และ ML-0010 และ GL 14011000 ของรายงาน R05ACC EventCode ML-0009 - 14011000 : เบี้ยประกันชีวิตค้างรับ - 40511100 : เบี้ยประกันชีวิต - ปีแรก (Premium Charge) - 40511200 : เบี้ยประกันชีวิต - ปีต่อไป (Premium Charge) - 40511500 : เบี้ยส่วนนำไปลงทุนของผู้เอาประกัน EventCode ML-0010 - 14011000 : เบี้ยประกันชีวิตค้างรับ - 40511100 : เบี้ยประกันชีวิต - ปีแรก (Premium Charge) - 40511200 : เบี้ยประกันชีวิต - ปีต่อไป (Premium Charge) - 40511500 : เบี้ยส่วนนำไปลงทุนของผู้เอาประกัน - 40512100 : เบี้ยประกันอุบัติเหตุ - ปีแรก (Phase 2) (รายการนี้ยังไม่มีใน UL) - 40512200 : เบี้ยประกันอุบัติเหตุ - ปีต่อไป (Phase 2) (รายการนี้ยังไม่มีใน UL) - 40513100 : เบี้ยประกันสุขภาพ - ปีแรก (Phase 2) (รายการนี้ยังไม่มีใน UL) - 40513200 : เบี้ยประกันสุขภาพ - ปีต่อไป (Phase 2) (รายการนี้ยังไม่มีใน UL) | I7: 1. รายงาน R05ACC : แสดงข้อมูล บัญชี ของ ข้อมูล GL Code หมวด 4 ที่ผูกกับ EventCode : ML-0009 และ ML-0010 และ GL 14011000 ถูกต้องครบถ้วน EventCode ML-0009 - 14011000 : เบี้ยประกันชีวิตค้างรับ - 40511100 : เบี้ยประกันชีวิต - ปีแรก (Premium Charge) - 40511200 : เบี้ยประกันชีวิต - ปีต่อไป (Premium Charge) - 40511500 : เบี้ยส่วนนำไปลงทุนของผู้เอาประกัน EventCode ML-0010 - 14011000 : เบี้ยประกันชีวิตค้างรับ - 40511100 : เบี้ยประกันชีวิต - ปีแรก (Premium Charge) - 40511200 : เบี้ยประกันชีวิต - ปีต่อไป (Premium Charge) - 40511500 : เบี้ยส่วนนำไปลงทุนของผู้เอาประกัน - 40512100 : เบี้ยประกันอุบัติเหตุ - ปีแรก (Phase 2) (รายการนี้ยังไม่มีใน UL) - 40512200 : เบี้ยประกันอุบัติเหตุ - ปีต่อไป (Phase 2) (รายการนี้ยังไม่มีใน UL) - 40513100 : เบี้ยประกันสุขภาพ - ปีแรก (Phase 2) (รายการนี้ยังไม่มีใน UL) - 40513200 : เบี้ยประกันสุขภาพ - ปีต่อไป (Phase 2) (รายการนี้ยังไม่มีใน UL) | K7: {=IF(D7="", "", IFERROR(XLOOKUP(D7, Var!$P:$P, Var!$Q:$Q), ""))} -> Feature Priority 1 | L7: Medium | M7: Passed | N7: chutima.so | O7: 46204
B8: TC-R05-03 | C8: Enterprise Data Warehouse | D8: รายการ R05 - Unit Link Products [ULP] Premium Receipt VFA | E8: Functional (Happy Path) | F8: ตรวจสอบการแสดง Receive Payment Type ของรายงาน R05ACC | G8: Sheet :Reconcile Actual DATA | H8: Path วางไฟล์รายงาน R \\10.40.24.246\edw\UAT\IFRS17\Report R | I8: 1. รายงาน R05ACC : Sheet Reconcile Actual DATA - แสดง Column Receive Payment Type - มีการ Grouping Column เพิ่ม field Receive Payment Type | K8: {=IF(D8="", "", IFERROR(XLOOKUP(D8, Var!$P:$P, Var!$Q:$Q), ""))} -> Feature Priority 1 | L8: Medium | M8: Passed | N8: chutima.so | O8: 46204
B9: TC-R05-04 | C9: Enterprise Data Warehouse | D9: รายการ R05 - Unit Link Products [ULP] Premium Receipt VFA | E9: Functional (Happy Path) | G9: Sheet : Adjustment Posting | H9: Path วางไฟล์รายงาน R \\10.40.24.246\edw\UAT\IFRS17\Report R | I9: 1. รายงาน R05ACC : Sheet Adjustment Posting - แสดง Column Receive Payment Type - มีการ Grouping Column เพิ่ม field Receive Payment Type | K9: {=IF(D9="", "", IFERROR(XLOOKUP(D9, Var!$P:$P, Var!$Q:$Q), ""))} -> Feature Priority 1 | L9: Medium | M9: Passed | N9: chutima.so | O9: 46204
B10: TC-R05-05 | C10: Enterprise Data Warehouse | D10: รายการ R05 - Unit Link Products [ULP] Premium Receipt VFA | E10: Functional (Happy Path) | F10: ตรวจสอบการแสดง Disclosure Type ของรายงาน R05ACC กรณี GL Code เท่ากับ 14011000 , 14012000 , 14013000, 21540005, 21540010, 21540015 , 21540006 | G10: Sheet :Reconcile Actual DATA | H10: Path วางไฟล์รายงาน R \\10.40.24.246\edw\UAT\IFRS17\Report R | I10: 1. รายงาน R05ACC : Sheet Reconcile Actual DATA - แสดง Disclosure Type แสดงเป็นค่าว่าง | K10: {=IF(D10="", "", IFERROR(XLOOKUP(D10, Var!$P:$P, Var!$Q:$Q), ""))} -> Feature Priority 1 | L10: Medium | M10: Passed | N10: chutima.so | O10: 46204
B11: TC-R05-06 | C11: Enterprise Data Warehouse | D11: รายการ R05 - Unit Link Products [ULP] Premium Receipt VFA | E11: Functional (Happy Path) | G11: Sheet : Adjustment Posting | H11: Path วางไฟล์รายงาน R \\10.40.24.246\edw\UAT\IFRS17\Report R | I11: 1. รายงาน R05ACC : Sheet Adjustment Posting - แสดง Disclosure Type แสดงเป็นค่าว่าง | K11: {=IF(D11="", "", IFERROR(XLOOKUP(D11, Var!$P:$P, Var!$Q:$Q), ""))} -> Feature Priority 1 | L11: Medium | M11: Passed | N11: chutima.so | O11: 46204
B12: TC-R05-07 | C12: Enterprise Data Warehouse | D12: รายการ R05 - Unit Link Products [ULP] Premium Receipt VFA | E12: Functional (Happy Path) | F12: ตรวจสอบการแสดง Plan Code ของรายงาน R05ACC กรณี GL Code เท่ากับ 14011000 , 14012000 , 14013000, 21540005, 21540010, 21540015 , 21540006 | G12: Sheet :Reconcile Actual DATA | H12: Path วางไฟล์รายงาน R \\10.40.24.246\edw\UAT\IFRS17\Report R | I12: 1. รายงาน R05ACC : Sheet Reconcile Actual DATA - แสดง Plan Code แสดงเป็นค่าว่าง | K12: {=IF(D12="", "", IFERROR(XLOOKUP(D12, Var!$P:$P, Var!$Q:$Q), ""))} -> Feature Priority 1 | L12: Medium | M12: Passed | N12: chutima.so | O12: 46204
B13: TC-R05-08 | C13: Enterprise Data Warehouse | D13: รายการ R05 - Unit Link Products [ULP] Premium Receipt VFA | E13: Functional (Happy Path) | G13: Sheet : Adjustment Posting | H13: Path วางไฟล์รายงาน R \\10.40.24.246\edw\UAT\IFRS17\Report R | I13: 1. รายงาน R05ACC : Sheet Adjustment Posting - แสดง Plan Code แสดงเป็นค่าว่าง | K13: {=IF(D13="", "", IFERROR(XLOOKUP(D13, Var!$P:$P, Var!$Q:$Q), ""))} -> Feature Priority 1 | L13: Medium | M13: Passed | N13: chutima.so | O13: 46204
B14: TC-R05-09 | C14: Enterprise Data Warehouse | D14: รายการ R05 - Unit Link Products [ULP] Premium Receipt VFA | E14: Functional (Happy Path) | F14: ตรวจสอบการแสดง Disclosure Type ของรายงาน R05ACC กรณี GL Code ไม่เท่ากับ 14011000 , 14012000 , 14013000, 21540005, 21540010, 21540015 , 21540006 | G14: Sheet :Reconcile Actual DATA | H14: Path วางไฟล์รายงาน R \\10.40.24.246\edw\UAT\IFRS17\Report R | I14: 1. รายงาน R05ACC : Sheet Reconcile Actual DATA - แสดง Disclosure Type สามารถ Mapping ค่ามาแสดงได้ไม่เป็นค่าว่าง | K14: {=IF(D14="", "", IFERROR(XLOOKUP(D14, Var!$P:$P, Var!$Q:$Q), ""))} -> Feature Priority 1 | L14: Medium | M14: Passed | N14: chutima.so | O14: 46204
B15: TC-R05-10 | C15: Enterprise Data Warehouse | D15: รายการ R05 - Unit Link Products [ULP] Premium Receipt VFA | E15: Functional (Happy Path) | G15: Sheet : Adjustment Posting | H15: Path วางไฟล์รายงาน R \\10.40.24.246\edw\UAT\IFRS17\Report R | I15: 1. รายงาน R06ACC : Sheet Adjustment Posting - แสดง Disclosure Type สามารถ Mapping ค่ามาแสดงได้ไม่เป็นค่าว่าง | K15: {=IF(D15="", "", IFERROR(XLOOKUP(D15, Var!$P:$P, Var!$Q:$Q), ""))} -> Feature Priority 1 | L15: Medium | M15: Passed | N15: chutima.so | O15: 46204
B16: TC-R05-11 | C16: Enterprise Data Warehouse | D16: รายการ R05 - Unit Link Products [ULP] Premium Receipt VFA | E16: Functional (Happy Path) | F16: ตรวจสอบการแสดง Plan Code ของรายงาน R05ACC กรณี GL Code ไม่เท่ากับ 14011000 , 14012000 , 14013000, 21540005, 21540010, 21540015 , 21540006 | G16: Sheet :Reconcile Actual DATA | H16: Path วางไฟล์รายงาน R \\10.40.24.246\edw\UAT\IFRS17\Report R | I16: 1. รายงาน R05ACC : Sheet Reconcile Actual DATA - แสดง Plan Code สามารถ Mapping ค่ามาแสดงได้ไม่เป็นค่าว่าง | K16: {=IF(D16="", "", IFERROR(XLOOKUP(D16, Var!$P:$P, Var!$Q:$Q), ""))} -> Feature Priority 1 | L16: Medium | M16: Passed | N16: chutima.so | O16: 46204
B17: TC-R05-12 | C17: Enterprise Data Warehouse | D17: รายการ R05 - Unit Link Products [ULP] Premium Receipt VFA | E17: Functional (Happy Path) | G17: Sheet : Adjustment Posting | H17: Path วางไฟล์รายงาน R \\10.40.24.246\edw\UAT\IFRS17\Report R | I17: 1. รายงาน R05ACC : Sheet Adjustment Posting - แสดง Plan Code สามารถ Mapping ค่ามาแสดงได้ไม่เป็นค่าว่าง | K17: {=IF(D17="", "", IFERROR(XLOOKUP(D17, Var!$P:$P, Var!$Q:$Q), ""))} -> Feature Priority 1 | L17: Medium | M17: Passed | N17: chutima.so | O17: 46204
B18: TC-R05-13 | C18: Enterprise Data Warehouse | D18: รายการ R05 - Unit Link Products [ULP] Premium Receipt VFA | E18: Functional (Happy Path) | F18: ตรวจสอบการ Summary Adj.Posting ของรายงาน R05ACC - 79120001 : Suspense - Premiums VFA | G18: Sheet :Reconcile Actual DATA | H18: Path วางไฟล์รายงาน R \\10.40.24.246\edw\UAT\IFRS17\Report R | I18: 1. รายงาน R05ACC : Sheet Adjustment Posting - Summary Adj.Posting ให้รวม Adj.Posting ของ GL ที่ไม่มี Disclosure Type (เช่น 14011000 , 14012000 , 14013000, 21540005, 21540010, 21540015 , 21540006 ) เข้าไปด้วย | K18: {=IF(D18="", "", IFERROR(XLOOKUP(D18, Var!$P:$P, Var!$Q:$Q), ""))} -> Feature Priority 1 | L18: Medium | M18: Passed | N18: chutima.so | O18: 46204
B19: รายงาน R05 (ฝ่ายคณิตศาสตร์)
B20: TC-R05-14 | C20: Enterprise Data Warehouse | D20: รายการ R05 - Unit Link Products [ULP] Premium Receipt VFA | E20: Functional (Happy Path) | F20: ตรวจสอบรายงาน R05 : ตัด GL Code หมวด 4 ที่เป็น Event code ML-0009, ML-0010 และ GL 14011000 ออก EventCode ML-0009 - 14011000 : เบี้ยประกันชีวิตค้างรับ - 40511100 : เบี้ยประกันชีวิต - ปีแรก (Premium Charge) - 40511200 : เบี้ยประกันชีวิต - ปีต่อไป (Premium Charge) - 40511500 : เบี้ยส่วนนำไปลงทุนของผู้เอาประกัน EventCode ML-0010 - 14011000 : เบี้ยประกันชีวิตค้างรับ - 40511100 : เบี้ยประกันชีวิต - ปีแรก (Premium Charge) - 40511200 : เบี้ยประกันชีวิต - ปีต่อไป (Premium Charge) - 40511500 : เบี้ยส่วนนำไปลงทุนของผู้เอาประกัน - 40512100 : เบี้ยประกันอุบัติเหตุ - ปีแรก (Phase 2) (รายการนี้ยังไม่มีใน UL) - 40512200 : เบี้ยประกันอุบัติเหตุ - ปีต่อไป (Phase 2) (รายการนี้ยังไม่มีใน UL) - 40513100 : เบี้ยประกันสุขภาพ - ปีแรก (Phase 2) (รายการนี้ยังไม่มีใน UL) - 40513200 : เบี้ยประกันสุขภาพ - ปีต่อไป (Phase 2) (รายการนี้ยังไม่มีใน UL) | H20: Path วางไฟล์รายงาน R \\10.40.24.246\edw\UAT\IFRS17\Report R | I20: 1. รายงาน R05 : ไม่แสดงข้อมูลกรมธรรม์ตัด GL Code หมวด 4 ที่เป็น Event code ML-0009, ML-0010 และ GL 14011000 EventCode ML-0009 - 14011000 : เบี้ยประกันชีวิตค้างรับ - 40511100 : เบี้ยประกันชีวิต - ปีแรก (Premium Charge) - 40511200 : เบี้ยประกันชีวิต - ปีต่อไป (Premium Charge) - 40511500 : เบี้ยส่วนนำไปลงทุนของผู้เอาประกัน EventCode ML-0010 - 14011000 : เบี้ยประกันชีวิตค้างรับ - 40511100 : เบี้ยประกันชีวิต - ปีแรก (Premium Charge) - 40511200 : เบี้ยประกันชีวิต - ปีต่อไป (Premium Charge) - 40511500 : เบี้ยส่วนนำไปลงทุนของผู้เอาประกัน - 40512100 : เบี้ยประกันอุบัติเหตุ - ปีแรก (Phase 2) (รายการนี้ยังไม่มีใน UL) - 40512200 : เบี้ยประกันอุบัติเหตุ - ปีต่อไป (Phase 2) (รายการนี้ยังไม่มีใน UL) - 40513100 : เบี้ยประกันสุขภาพ - ปีแรก (Phase 2) (รายการนี้ยังไม่มีใน UL) - 40513200 : เบี้ยประกันสุขภาพ - ปีต่อไป (Phase 2) (รายการนี้ยังไม่มีใน UL) | J20: Ref : EJ202508310001 | K20: {=IF(D20="", "", IFERROR(XLOOKUP(D20, Var!$P:$P, Var!$Q:$Q), ""))} -> Feature Priority 1 | L20: Medium | M20: Passed | N20: chutima.so | O20: 46204
B21: TC-R05-15 | C21: Enterprise Data Warehouse | D21: รายการ R05 - Unit Link Products [ULP] Premium Receipt VFA | E21: Functional (Happy Path) | F21: ตรวจสอบ GL Code ของรายงาน R05 - 14011000 : เบี้ยประกันชีวิตค้างรับ - 14012000 : เบี้ยประกันอุบัติเหตุค้างรับ - 14013000 : เบี้ยประกันสุขภาพค้างรับ - 21540005 : เบี้ยประกันชีวิตรับล่วงหน้า - 21540010 : เบี้ยประกันอุบัติเหตุรับล่วงหน้า - 21540015 : เบี้ยประกันสุขภาพรับล่วงหน้า - 21540006 : ส่วนลดเบี้ยประกันชีวิตล่วงหน้า | I21: 1. รายงาน R05 : ไม่แสดงข้อมูลกรมธรรม์ของ GL 14011000 , 14012000 , 14013000, 21540005, 21540010, 21540015 , 21540006 | K21: {=IF(D21="", "", IFERROR(XLOOKUP(D21, Var!$P:$P, Var!$Q:$Q), ""))} -> Feature Priority 1 | L21: Medium | M21: Passed | N21: chutima.so | O21: 46204 | Q21: Cancel Case เนื่องจากมีการตัด GL Code 14011000 ออกวันที่ 2026-06-29
B22: TC-R05-16 | C22: Enterprise Data Warehouse | D22: รายการ R05 - Unit Link Products [ULP] Premium Receipt VFA | E22: Functional (Happy Path) | F22: ตรวจสอบรายงาน R05 : ปรับ config cf_r05_gl_mapping - Column : TotalPremiumAmount | I22: 1. รายงาน R05 : Column TotalPremiumAmount แสดงข้อมูลถูกต้อง | K22: {=IF(D22="", "", IFERROR(XLOOKUP(D22, Var!$P:$P, Var!$Q:$Q), ""))} -> Feature Priority 1 | L22: Medium | M22: Passed | N22: chutima.so | O22: 46203
B23: TC-R05-17 | C23: Enterprise Data Warehouse | D23: รายการ R05 - Unit Link Products [ULP] Premium Receipt VFA | E23: Functional (Happy Path) | F23: ตรวจสอบรายงาน R05 : ปรับ config cf_r05_gl_mapping - Column : UnallocatedPremium | I23: 1. รายงาน R05 : Column UnallocatedPremium แสดงข้อมูลถูกต้อง | K23: {=IF(D23="", "", IFERROR(XLOOKUP(D23, Var!$P:$P, Var!$Q:$Q), ""))} -> Feature Priority 1 | L23: Medium | M23: Passed | N23: chutima.so | O23: 46203
B24: TC-R05-18 | C24: Enterprise Data Warehouse | D24: รายการ R05 - Unit Link Products [ULP] Premium Receipt VFA | E24: Functional (Happy Path) | F24: ตรวจสอบ Reconcile รายงาน OnePageSummary R05ACC (ฝ่ายบัญชี) กับ รายงาน OnePageSummary R05 (ฝ่ายคณิตศาสตร์) | I24: 1. สามารถ Reconcile รายงาน OnePageSummary R05ACC (ฝ่ายบัญชี) กับ OnePageSummary R05 (ฝ่ายคณิตศาสตร์) และ Free Template ได้จำนวนเงินเท่ากัน | K24: {=IF(D24="", "", IFERROR(XLOOKUP(D24, Var!$P:$P, Var!$Q:$Q), ""))} -> Feature Priority 1 | L24: Medium | M24: Passed | N24: chutima.so | O24: 46205
B25: รายการ R06 - Unit Link Products [ULP] Commission override VFA | F25: Process การประมวลผลข้อมูลออกรายงาน R06
B26: รายงาน R06ACC (ฝ่ายบัญชี)
B27: TC-R06-01 | C27: Enterprise Data Warehouse | D27: รายการ R06 - Unit Link Products [ULP] Commission override VFA | E27: Functional (Happy Path) | F27: ตรวจสอบ เพิ่มการดึงข้อมูล GL Code ของรายงาน R06ACC - 23521000 : ค่าจ้างค่าบำเหน็จค้างจ่าย - 15531015 : ค่าจ้างและค่าบำเหน็จจ่ายล่วงหน้า | G27: Sheet :Reconcile Actual DATA | H27: 1. Log in เข้าระบบ NBS : acc1 2. เลือกเมนู : ระบบงาน Back Office > ระบบ Enterprise Data Warehouse > ระบบ Enterprise Data Warehouse 3. เลือกเมนู : Reconcile Data > ปรับปรุงรายการทางบัญชี -> ระบุเงื่อนไขการประมวลผล -> กดปุ่ม ประมวลผล | I27: 1. รายงาน R06ACC : Sheet Reconcile Actual DATA แสดงข้อมูล บัญชี และดึงข้อมูล GL Code มาแสดงครบถ้วนถูกต้อง - 23521000 : ค่าจ้างค่าบำเหน็จค้างจ่าย - 15531015 : ค่าจ้างและค่าบำเหน็จจ่ายล่วงหน้า | K27: {=IF(D27="", "", IFERROR(XLOOKUP(D27, Var!$P:$P, Var!$Q:$Q), ""))} -> Feature Priority 1 | L27: Medium | M27: Passed | N27: chutima.so | O27: 46205
B28: TC-R06-02 | C28: Enterprise Data Warehouse | D28: รายการ R06 - Unit Link Products [ULP] Commission override VFA | E28: Functional (Happy Path) | G28: Sheet : Adjustment Posting | H28: 1. Log in เข้าระบบ NBS : acc1 2. เลือกเมนู : ระบบงาน Back Office > ระบบ Enterprise Data Warehouse > ระบบ Enterprise Data Warehouse 3. เลือกเมนู : Reconcile Data > ปรับปรุงรายการทางบัญชี -> ระบุเงื่อนไขการประมวลผล -> กดปุ่ม ประมวลผล | I28: 1. รายงาน R06ACC : Sheet Adjustment Posting แสดงข้อมูล บัญชี และดึงข้อมูล GL Code มาแสดงครบถ้วนถูกต้อง - 23521000 : ค่าจ้างค่าบำเหน็จค้างจ่าย - 15531015 : ค่าจ้างและค่าบำเหน็จจ่ายล่วงหน้า | K28: {=IF(D28="", "", IFERROR(XLOOKUP(D28, Var!$P:$P, Var!$Q:$Q), ""))} -> Feature Priority 1 | L28: Medium | M28: Passed | N28: chutima.so | O28: 46205
B29: TC-R06-03 | C29: Enterprise Data Warehouse | D29: รายการ R06 - Unit Link Products [ULP] Commission override VFA | E29: Functional (Happy Path) | F29: ตรวจสอบ การดึงข้อมูล GL Code ที่มี Collection Type : ACCRUAL ของรายงาน R06ACC | G29: Sheet :Reconcile Actual DATA | H29: 1. Log in เข้าระบบ NBS : acc1 2. เลือกเมนู : ระบบงาน Back Office > ระบบ Enterprise Data Warehouse > ระบบ Enterprise Data Warehouse 3. เลือกเมนู : Reconcile Data > ปรับปรุงรายการทางบัญชี -> ระบุเงื่อนไขการประมวลผล -> กดปุ่ม ประมวลผล | I29: 1. รายงาน R06ACC : Sheet Reconcile Actual DATA แสดงข้อมูล บัญชี ที่มี Collection Type : ACCRUAL มาแสดงครบถ้วนถูกต้อง | K29: {=IF(D29="", "", IFERROR(XLOOKUP(D29, Var!$P:$P, Var!$Q:$Q), ""))} -> Feature Priority 1 | L29: Medium | M29: Passed | N29: chutima.so | O29: 46205
B30: TC-R06-04 | C30: Enterprise Data Warehouse | D30: รายการ R06 - Unit Link Products [ULP] Commission override VFA | E30: Functional (Happy Path) | G30: Sheet : Adjustment Posting | H30: 1. Log in เข้าระบบ NBS : acc1 2. เลือกเมนู : ระบบงาน Back Office > ระบบ Enterprise Data Warehouse > ระบบ Enterprise Data Warehouse 3. เลือกเมนู : Reconcile Data > ปรับปรุงรายการทางบัญชี -> ระบุเงื่อนไขการประมวลผล -> กดปุ่ม ประมวลผล | I30: 1. รายงาน R06ACC : Sheet Adjustment Posting แสดงข้อมูล บัญชี และดึงข้อมูล GL Code มาแสดงครบถ้วนถูกต้อง - 23521000 : ค่าจ้างค่าบำเหน็จค้างจ่าย - 15531015 : ค่าจ้างและค่าบำเหน็จจ่ายล่วงหน้า | K30: {=IF(D30="", "", IFERROR(XLOOKUP(D30, Var!$P:$P, Var!$Q:$Q), ""))} -> Feature Priority 1 | L30: Medium | M30: Passed | N30: chutima.so | O30: 46205
B31: TC-R06-05 | C31: Enterprise Data Warehouse | D31: รายการ R06 - Unit Link Products [ULP] Commission override VFA | E31: Functional (Happy Path) | F31: ตรวจสอบการแสดง Receive Payment Type ของรายงาน R06ACC | G31: Sheet :Reconcile Actual DATA | H31: Path วางไฟล์รายงาน R \\10.40.24.246\edw\UAT\IFRS17\Report R | I31: 1. รายงาน R06ACC : Sheet Reconcile Actual DATA - แสดง Column Receive Payment Type - มีการ Grouping Column เพิ่ม field Receive Payment Type | K31: {=IF(D31="", "", IFERROR(XLOOKUP(D31, Var!$P:$P, Var!$Q:$Q), ""))} -> Feature Priority 1 | L31: Medium | M31: Passed | N31: chutima.so | O31: 46205
B32: TC-R06-06 | C32: Enterprise Data Warehouse | D32: รายการ R06 - Unit Link Products [ULP] Commission override VFA | E32: Functional (Happy Path) | G32: Sheet : Adjustment Posting | H32: Path วางไฟล์รายงาน R \\10.40.24.246\edw\UAT\IFRS17\Report R | I32: 1. รายงาน R06ACC : Sheet Adjustment Posting - แสดง Column Receive Payment Type - มีการ Grouping Column เพิ่ม field Receive Payment Type | K32: {=IF(D32="", "", IFERROR(XLOOKUP(D32, Var!$P:$P, Var!$Q:$Q), ""))} -> Feature Priority 1 | L32: Medium | M32: Passed | N32: chutima.so | O32: 46205
B33: TC-R06-07 | C33: Enterprise Data Warehouse | D33: รายการ R06 - Unit Link Products [ULP] Commission override VFA | E33: Functional (Happy Path) | F33: ตรวจสอบการแสดง Disclosure Type ของรายงาน R06ACC กรณี GL Code เท่ากับ 23521000 และ 15531015 | G33: Sheet :Reconcile Actual DATA | H33: Path วางไฟล์รายงาน R \\10.40.24.246\edw\UAT\IFRS17\Report R | I33: 1. รายงาน R06ACC : Sheet Reconcile Actual DATA - แสดง Disclosure Type แสดงเป็นค่าว่าง | K33: {=IF(D33="", "", IFERROR(XLOOKUP(D33, Var!$P:$P, Var!$Q:$Q), ""))} -> Feature Priority 1 | L33: Medium | M33: Passed | N33: chutima.so | O33: 46205
B34: TC-R06-08 | C34: Enterprise Data Warehouse | D34: รายการ R06 - Unit Link Products [ULP] Commission override VFA | E34: Functional (Happy Path) | G34: Sheet : Adjustment Posting | H34: Path วางไฟล์รายงาน R \\10.40.24.246\edw\UAT\IFRS17\Report R | I34: 1. รายงาน R06ACC : Sheet Adjustment Posting - แสดง Disclosure Type แสดงเป็นค่าว่าง | K34: {=IF(D34="", "", IFERROR(XLOOKUP(D34, Var!$P:$P, Var!$Q:$Q), ""))} -> Feature Priority 1 | L34: Medium | M34: Passed | N34: chutima.so | O34: 46205
B35: TC-R06-09 | C35: Enterprise Data Warehouse | D35: รายการ R06 - Unit Link Products [ULP] Commission override VFA | E35: Functional (Happy Path) | F35: ตรวจสอบการแสดง Plan Code ของรายงาน R06ACC กรณี GL Code เท่ากับ 23521000 และ 15531015 | G35: Sheet :Reconcile Actual DATA | H35: Path วางไฟล์รายงาน R \\10.40.24.246\edw\UAT\IFRS17\Report R | I35: 1. รายงาน R06ACC : Sheet Reconcile Actual DATA - แสดง Plan Code แสดงเป็นค่าว่าง | K35: {=IF(D35="", "", IFERROR(XLOOKUP(D35, Var!$P:$P, Var!$Q:$Q), ""))} -> Feature Priority 1 | L35: Medium | M35: Passed | N35: chutima.so | O35: 46205
B36: TC-R06-10 | C36: Enterprise Data Warehouse | D36: รายการ R06 - Unit Link Products [ULP] Commission override VFA | E36: Functional (Happy Path) | G36: Sheet : Adjustment Posting | H36: Path วางไฟล์รายงาน R \\10.40.24.246\edw\UAT\IFRS17\Report R | I36: 1. รายงาน R06ACC : Sheet Adjustment Posting - แสดง Plan Code แสดงเป็นค่าว่าง | K36: {=IF(D36="", "", IFERROR(XLOOKUP(D36, Var!$P:$P, Var!$Q:$Q), ""))} -> Feature Priority 1 | L36: Medium | M36: Passed | N36: chutima.so | O36: 46205
B37: TC-R06-11 | C37: Enterprise Data Warehouse | D37: รายการ R06 - Unit Link Products [ULP] Commission override VFA | E37: Functional (Happy Path) | F37: ตรวจสอบการแสดง Disclosure Type ของรายงาน R06ACC กรณี GL Code ไม่เท่ากับ 23521000 และ 15531015 | G37: Sheet :Reconcile Actual DATA | H37: Path วางไฟล์รายงาน R \\10.40.24.246\edw\UAT\IFRS17\Report R | I37: 1. รายงาน R06ACC : Sheet Reconcile Actual DATA - แสดง Disclosure Type สามารถ Mapping ค่ามาแสดงได้ไม่เป็นค่าว่าง | K37: {=IF(D37="", "", IFERROR(XLOOKUP(D37, Var!$P:$P, Var!$Q:$Q), ""))} -> Feature Priority 1 | L37: Medium | M37: Passed | N37: chutima.so | O37: 46205
B38: TC-R06-12 | C38: Enterprise Data Warehouse | D38: รายการ R06 - Unit Link Products [ULP] Commission override VFA | E38: Functional (Happy Path) | G38: Sheet : Adjustment Posting | H38: Path วางไฟล์รายงาน R \\10.40.24.246\edw\UAT\IFRS17\Report R | I38: 1. รายงาน R06ACC : Sheet Adjustment Posting - แสดง Disclosure Type สามารถ Mapping ค่ามาแสดงได้ไม่เป็นค่าว่าง | K38: {=IF(D38="", "", IFERROR(XLOOKUP(D38, Var!$P:$P, Var!$Q:$Q), ""))} -> Feature Priority 1 | L38: Medium | M38: Passed | N38: chutima.so | O38: 46205
B39: TC-R06-13 | C39: Enterprise Data Warehouse | D39: รายการ R06 - Unit Link Products [ULP] Commission override VFA | E39: Functional (Happy Path) | F39: ตรวจสอบการแสดง Plan Code ของรายงาน R06ACC กรณี GL Code ไม่เท่ากับ 23521000 และ 15531015 | G39: Sheet :Reconcile Actual DATA | H39: Path วางไฟล์รายงาน R \\10.40.24.246\edw\UAT\IFRS17\Report R | I39: 1. รายงาน R06ACC : Sheet Reconcile Actual DATA - แสดง Plan Code สามารถ Mapping ค่ามาแสดงได้ไม่เป็นค่าว่าง | K39: {=IF(D39="", "", IFERROR(XLOOKUP(D39, Var!$P:$P, Var!$Q:$Q), ""))} -> Feature Priority 1 | L39: Medium | M39: Passed | N39: chutima.so | O39: 46205
B40: TC-R06-14 | C40: Enterprise Data Warehouse | D40: รายการ R06 - Unit Link Products [ULP] Commission override VFA | E40: Functional (Happy Path) | G40: Sheet : Adjustment Posting | H40: Path วางไฟล์รายงาน R \\10.40.24.246\edw\UAT\IFRS17\Report R | I40: 1. รายงาน R06ACC : Sheet Adjustment Posting - แสดง Plan Code สามารถ Mapping ค่ามาแสดงได้ไม่เป็นค่าว่าง | K40: {=IF(D40="", "", IFERROR(XLOOKUP(D40, Var!$P:$P, Var!$Q:$Q), ""))} -> Feature Priority 1 | L40: Medium | M40: Passed | N40: chutima.so | O40: 46205
B41: TC-R06-15 | C41: Enterprise Data Warehouse | D41: รายการ R05 - Unit Link Products [ULP] Premium Receipt VFA | E41: Functional (Happy Path) | F41: ตรวจสอบการ Summary Adj.Posting ของรายงาน R06ACC - 79120002 : Suspense - Commission_VFA | G41: Sheet :Reconcile Actual DATA | H41: Path วางไฟล์รายงาน R \\10.40.24.246\edw\UAT\IFRS17\Report R | I41: 1. รายงาน R06ACC : Sheet Adjustment Posting - Summary Adj.Posting ให้รวม Adj.Posting ของ GL ที่ไม่มี Disclosure Type (เช่น 15531015, 23521000) เข้าไปด้วย | K41: {=IF(D41="", "", IFERROR(XLOOKUP(D41, Var!$P:$P, Var!$Q:$Q), ""))} -> Feature Priority 1 | L41: Medium | M41: Passed | N41: chutima.so | O41: 46205
B42: รายงาน R06 (ฝ่ายคณิตศาสตร์)
B43: TC-R06-16 | C43: Enterprise Data Warehouse | D43: รายการ R06 - Unit Link Products [ULP] Commission override VFA | E43: Functional (Happy Path) | F43: ตรวจสอบรายงาน R06 : การดึงข้อมูล GL Code - 23521000 : ค่าจ้างค่าบำเหน็จค้างจ่าย - 15531015 : ค่าจ้างและค่าบำเหน็จจ่ายล่วงหน้า | H43: Path วางไฟล์รายงาน R \\10.40.24.246\edw\UAT\IFRS17\Report R | I43: 1. รายงาน R06 : ไม่แสดงข้อมูลกรมธรรม์ของ GL Code : 23521000 (ค่าจ้างค่าบำเหน็จค้างจ่าย) ถูกต้อง | K43: {=IF(D43="", "", IFERROR(XLOOKUP(D43, Var!$P:$P, Var!$Q:$Q), ""))} -> Feature Priority 1 | L43: Medium | M43: Passed | N43: chutima.so | O43: 46205
B44: TC-R06-17 | C44: Enterprise Data Warehouse | D44: รายการ R06 - Unit Link Products [ULP] Commission override VFA | E44: Functional (Happy Path) | F44: ตรวจสอบรายงาน R06 : การดึงข้อมูล GL Code ที่มี Collection Type : ACCRUAL | H44: Path วางไฟล์รายงาน R \\10.40.24.246\edw\UAT\IFRS17\Report R | I44: 1. รายงาน R06 : ไม่แสดงข้อมูลกรมธรรม์ของ GL Code ที่มี Collection Type : ACCRUALถูกต้อง | K44: {=IF(D44="", "", IFERROR(XLOOKUP(D44, Var!$P:$P, Var!$Q:$Q), ""))} -> Feature Priority 1 | L44: Medium | M44: Passed | N44: chutima.so | O44: 46205
B45: TC-R06-18 | C45: Enterprise Data Warehouse | D45: รายการ R06 - Unit Link Products [ULP] Commission override VFA | E45: Functional (Happy Path) | F45: ตรวจสอบ Reconcile รายงาน R06ACC (ฝ่ายบัญชี) กับ รายงาน R06 (ฝ่ายคณิตศาสตร์) | H45: Path วางไฟล์รายงาน R \\10.40.24.246\edw\UAT\IFRS17\Report R | I45: 1. สามารถ Reconcile รายงาน R06ACC (ฝ่ายบัญชี) กับ R05 (ฝ่ายคณิตศาสตร์) และ Free Template ได้จำนวนเงินเท่ากัน | K45: {=IF(D45="", "", IFERROR(XLOOKUP(D45, Var!$P:$P, Var!$Q:$Q), ""))} -> Feature Priority 1 | L45: Medium | M45: Passed | N45: chutima.so | O45: 46205
B46: กรณี GL Code 50551218, 50551219, 50551221 ยังไม่ยกเลิก เงื่อนไขตรวจสอบ 'หาก Cost Center เป็น 830044 และขึ้นต้นด้วย 1 ถึง 7
B47: รายงาน R06ACC (ฝ่ายบัญชี)
B48: TC-R06-19 | C48: Enterprise Data Warehouse | D48: รายการ R06 - Unit Link Products [ULP] Commission override VFA | E48: Functional (Happy Path) | F48: ตรวจสอบกรณียัง ไม่ยกเลิก เงื่อนไขตรวจสอบหาก Cost Center เป็น 830044 และขึ้นต้นด้วย 1 ถึง 7 ของ GL Code ด้านล่าง - 50551218 : ค่าบริหารทีมงานพิเศษ - ปีแรก - 50551219 : ค่าบริหารทีมงานพิเศษ - 50551221 : โบนัสราย 3 งวด | G48: Sheet :Reconcile Actual DATA | H48: 1. Log in เข้าระบบ NBS : acc1 2. เลือกเมนู : ระบบงาน Back Office > ระบบ Enterprise Data Warehouse > ระบบ Enterprise Data Warehouse 3. เลือกเมนู : Reconcile Data > ปรับปรุงรายการทางบัญชี -> ระบุเงื่อนไขการประมวลผล -> กดปุ่ม ประมวลผล | I48: 1. รายงาน R06ACC : Sheet Reconcile Actual DATA - กรณี GL Code : 50551218, 50551219, 50551221 หาก Cost Center เป็น 830044 และขึ้นต้นด้วย 1 ถึง 7 จะไม่ใช้ออกรายงาน นอกนั้นประมวลผลตามปกติ | K48: {=IF(D48="", "", IFERROR(XLOOKUP(D48, Var!$P:$P, Var!$Q:$Q), ""))} -> Feature Priority 1 | L48: Medium | M48: Passed | N48: chutima.so | O48: 46205
B49: TC-R06-20 | C49: Enterprise Data Warehouse | D49: รายการ R06 - Unit Link Products [ULP] Commission override VFA | E49: Functional (Happy Path) | G49: Sheet : Adjustment Posting | H49: 1. Log in เข้าระบบ NBS : acc1 2. เลือกเมนู : ระบบงาน Back Office > ระบบ Enterprise Data Warehouse > ระบบ Enterprise Data Warehouse 3. เลือกเมนู : Reconcile Data > ปรับปรุงรายการทางบัญชี -> ระบุเงื่อนไขการประมวลผล -> กดปุ่ม ประมวลผล | I49: 1. รายงาน R06ACC : Sheet Adjustment Posting - GL Code 50551218, 50551219, 50551221 หาก Cost Center เป็น 830044 และขึ้นต้นด้วย 1 ถึง 7 จะไม่ใช้ออกรายงาน นอกนั้นประมวลผลตามปกติ | K49: {=IF(D49="", "", IFERROR(XLOOKUP(D49, Var!$P:$P, Var!$Q:$Q), ""))} -> Feature Priority 1 | L49: Medium | M49: Passed | N49: chutima.so | O49: 46205
B50: รายงาน R06 (ฝ่ายคณิตศาสตร์)
B51: TC-R06-21 | C51: Enterprise Data Warehouse | D51: รายการ R06 - Unit Link Products [ULP] Commission override VFA | E51: Functional (Happy Path) | F51: ตรวจสอบกรณียัง ไม่ยกเลิก เงื่อนไขตรวจสอบหาก Cost Center เป็น 830044 และขึ้นต้นด้วย 1 ถึง 7 ของ GL Code ด้านล่าง - 50551218 : ค่าบริหารทีมงานพิเศษ - ปีแรก - 50551219 : ค่าบริหารทีมงานพิเศษ - 50551221 : โบนัสราย 3 งวด | H51: Path วางไฟล์รายงาน R \\10.40.24.246\edw\UAT\IFRS17\Report R | I51: 1. รายงาน R06 - กรณี GL Code : 50551218, 50551219, 50551221 หาก Cost Center เป็น 830044 และขึ้นต้นด้วย 1 ถึง 7 จะไม่ใช้ออกรายงาน นอกนั้นประมวลผลตามปกติ | K51: {=IF(D51="", "", IFERROR(XLOOKUP(D51, Var!$P:$P, Var!$Q:$Q), ""))} -> Feature Priority 1 | L51: Medium | M51: Passed | N51: chutima.so | O51: 46205
B52: กรณี GL Code 50551218, 50551219, 50551221 ยกเลิก เงื่อนไขตรวจสอบ 'หาก Cost Center เป็น 830044 และขึ้นต้นด้วย 1 ถึง 7 โดยเริ่มใช้ใน Period 2027/01
B53: รายงาน R06ACC (ฝ่ายบัญชี)
B54: TC-R06-22 | C54: Enterprise Data Warehouse | D54: รายการ R06 - Unit Link Products [ULP] Commission override VFA | E54: Functional (Happy Path) | F54: ตรวจสอบกรณี ยกเลิก เงื่อนไขตรวจสอบหาก Cost Center เป็น 830044 และขึ้นต้นด้วย 1 ถึง 7 ของ GL Code ด้านล่าง โดยเริ่มใช้ใน Period 2027/01 - 50551218 : ค่าบริหารทีมงานพิเศษ - ปีแรก - 50551219 : ค่าบริหารทีมงานพิเศษ - 50551221 : โบนัสราย 3 งวด | G54: Sheet :Reconcile Actual DATA | H54: 1. Log in เข้าระบบ NBS : acc1 2. เลือกเมนู : ระบบงาน Back Office > ระบบ Enterprise Data Warehouse > ระบบ Enterprise Data Warehouse 3. เลือกเมนู : Reconcile Data > ปรับปรุงรายการทางบัญชี -> ระบุเงื่อนไขการประมวลผล -> กดปุ่ม ประมวลผล | I54: 1. รายงาน R06ACC : Sheet Reconcile Actual DATA - กรณี GL Code 50551218, 50551219, 50551221 หาก Cost Center เป็น 830044 และขึ้นต้นด้วย 1 ถึง 7 จะให้ออกรายงานได้ | K54: {=IF(D54="", "", IFERROR(XLOOKUP(D54, Var!$P:$P, Var!$Q:$Q), ""))} -> Feature Priority 1 | L54: Medium | M54: Passed | N54: chutima.so | O54: 46205
B55: TC-R06-23 | C55: Enterprise Data Warehouse | D55: รายการ R06 - Unit Link Products [ULP] Commission override VFA | E55: Functional (Happy Path) | G55: Sheet : Adjustment Posting | H55: 1. Log in เข้าระบบ NBS : acc1 2. เลือกเมนู : ระบบงาน Back Office > ระบบ Enterprise Data Warehouse > ระบบ Enterprise Data Warehouse 3. เลือกเมนู : Reconcile Data > ปรับปรุงรายการทางบัญชี -> ระบุเงื่อนไขการประมวลผล -> กดปุ่ม ประมวลผล | I55: 1. รายงาน R06ACC : Sheet Adjustment Posting - GL Code 50551218, 50551219, 50551221 หาก Cost Center เป็น 830044 และขึ้นต้นด้วย 1 ถึง 7 จะออกรายงานตามปกติ | K55: {=IF(D55="", "", IFERROR(XLOOKUP(D55, Var!$P:$P, Var!$Q:$Q), ""))} -> Feature Priority 1 | L55: Medium | M55: Passed | N55: chutima.so | O55: 46205
B56: รายงาน R06 (ฝ่ายคณิตศาสตร์)
B57: TC-R06-24 | C57: Enterprise Data Warehouse | D57: รายการ R06 - Unit Link Products [ULP] Commission override VFA | E57: Functional (Happy Path) | F57: ตรวจสอบกรณี ยกเลิก เงื่อนไขตรวจสอบหาก Cost Center เป็น 830044 และขึ้นต้นด้วย 1 ถึง 7 ของ GL Code ด้านล่าง - 50551218 : ค่าบริหารทีมงานพิเศษ - ปีแรก - 50551219 : ค่าบริหารทีมงานพิเศษ - 50551221 : โบนัสราย 3 งวด | H57: Path วางไฟล์รายงาน R \\10.40.24.246\edw\UAT\IFRS17\Report R | I57: 1. รายงาน R06 - GL Code 50551218, 50551219, 50551221 หาก Cost Center เป็น 830044 และขึ้นต้นด้วย 1 ถึง 7 จะออกรายงานตามปกติ | K57: {=IF(D57="", "", IFERROR(XLOOKUP(D57, Var!$P:$P, Var!$Q:$Q), ""))} -> Feature Priority 1 | L57: Medium | M57: Passed | N57: chutima.so | O57: 46205
B58: รายการ R02 - Ordinary Products [OP] Commission override GMM | F58: Process การประมวลผลข้อมูลออกรายงาน R02
B59: กรณี GL Code 50551218, 50551219, 50551221 ยังไม่ยกเลิก เงื่อนไขตรวจสอบ 'หาก Cost Center เป็น 830044 และขึ้นต้นด้วย 1 ถึง 7
B60: รายงาน R02ACC (ฝ่ายบัญชี)
B61: TC-R02-01 | C61: Enterprise Data Warehouse | D61: รายการ R02 - Ordinary Products [OP] Commission override GMM | E61: Functional (Happy Path) | F61: ตรวจสอบกรณียัง ไม่ยกเลิก เงื่อนไขตรวจสอบหาก Cost Center เป็น 830044 และขึ้นต้นด้วย 1 ถึง 7 ของ GL Code ด้านล่าง - 50551218 : ค่าบริหารทีมงานพิเศษ - ปีแรก - 50551219 : ค่าบริหารทีมงานพิเศษ - 50551221 : โบนัสราย 3 งวด | G61: Sheet :Reconcile Actual DATA | H61: Path วางไฟล์รายงาน R \\10.40.24.246\edw\UAT\IFRS17\Report R | I61: 1. รายงาน R02ACC : Sheet Reconcile Actual DATA - GL Code 50551218, 50551219, 50551221 หาก Cost Center เป็น 830044 และขึ้นต้นด้วย 1 ถึง 7 จะให้ออกรายงานได้ | J61: Ref : ED202601170006 Accounting Date : 2026-01-17 Ref : ED202601180004 Accounting Date : 2026-01-18 | K61: {=IF(D61="", "", IFERROR(XLOOKUP(D61, Var!$P:$P, Var!$Q:$Q), ""))} -> Feature Priority 1 | L61: Medium | M61: Passed | N61: chutima.so | O61: 46199
B62: TC-R02-02 | C62: Enterprise Data Warehouse | D62: รายการ R02 - Ordinary Products [OP] Commission override GMM | E62: Functional (Happy Path) | G62: Sheet : Adjustment Posting | H62: Path วางไฟล์รายงาน R \\10.40.24.246\edw\UAT\IFRS17\Report R | I62: 1. รายงาน R02ACC : Sheet Adjustment Posting - GL Code 50551218, 50551219, 50551221 หาก Cost Center เป็น 830044 และขึ้นต้นด้วย 1 ถึง 7 จะไม่ใช้ออกรายงาน นอกนั้นประมวลผลตามปกติ | K62: {=IF(D62="", "", IFERROR(XLOOKUP(D62, Var!$P:$P, Var!$Q:$Q), ""))} -> Feature Priority 1 | L62: Medium | M62: Passed | N62: chutima.so | O62: 46199
B63: TC-R02-03 | C63: Enterprise Data Warehouse | D63: รายการ R02 - Ordinary Products [OP] Commission override GMM | E63: Functional (Happy Path) | F63: ตรวจสอบ Reconcile รายงาน R02ACC (ฝ่ายบัญชี) กับ Free Template | H63: Path วางไฟล์รายงาน R \\10.40.24.246\edw\UAT\IFRS17\Report R | I63: 1. สามารถ Reconcile รายงาน R02ACC (ฝ่ายบัญชี) กับ Free Template ได้จำนวนเงินเท่ากัน | K63: {=IF(D63="", "", IFERROR(XLOOKUP(D63, Var!$P:$P, Var!$Q:$Q), ""))} -> Feature Priority 1 | L63: Medium | M63: Passed | N63: chutima.so | O63: 46199
B64: TC-R02-04 | C64: Enterprise Data Warehouse | D64: รายการ R02 - Ordinary Products [OP] Commission override GMM | E64: Functional (Happy Path) | F64: ตรวจสอบ Reconcile รายงาน R02ACC (ฝ่ายบัญชี) กับ รายงาน R02 (ฝ่ายคณิตศาสตร์) | H64: Path วางไฟล์รายงาน R \\10.40.24.246\edw\UAT\IFRS17\Report R | I64: 1. สามารถ Reconcile รายงาน R02ACC (ฝ่ายบัญชี) กับ R02 (ฝ่ายคณิตศาสตร์) ได้จำนวนเงินเท่ากัน | K64: {=IF(D64="", "", IFERROR(XLOOKUP(D64, Var!$P:$P, Var!$Q:$Q), ""))} -> Feature Priority 1 | L64: Medium | M64: Passed | N64: chutima.so | O64: 46199
B65: รายงาน R02 (ฝ่ายคณิตศาสตร์)
B66: TC-R02-05 | C66: Enterprise Data Warehouse | D66: รายการ R02 - Ordinary Products [OP] Commission override GMM | E66: Functional (Happy Path) | F66: ตรวจสอบรายงาน R02 | H66: Path วางไฟล์รายงาน R \\10.40.24.246\edw\UAT\IFRS17\Report R | I66: 1. รายงาน R02 : แสดงข้อมูลกรมธรรม์มาแสดงครบถ้วนถูกต้อง | J66: Ref : ED202601170006 Accounting Date : 2026-01-17 Ref : ED202601180004 Accounting Date : 2026-01-18 | K66: {=IF(D66="", "", IFERROR(XLOOKUP(D66, Var!$P:$P, Var!$Q:$Q), ""))} -> Feature Priority 1 | L66: Medium | M66: Passed | N66: chutima.so | O66: 46199
B67: TC-R02-06 | C67: Enterprise Data Warehouse | D67: รายการ R02 - Ordinary Products [OP] Commission override GMM | E67: Functional (Happy Path) | F67: ตรวจสอบ Reconcile รายงาน R02 (ฝ่ายคณิตศาสตร์) กับ Free Template | H67: Path วางไฟล์รายงาน R \\10.40.24.246\edw\UAT\IFRS17\Report R | I67: 1. สามารถ Reconcile รายงาน R02 (ฝ่ายคณิตศาสตร์) กับ Free Template ได้จำนวนเงินเท่ากัน | K67: {=IF(D67="", "", IFERROR(XLOOKUP(D67, Var!$P:$P, Var!$Q:$Q), ""))} -> Feature Priority 1 | L67: Medium | M67: Passed | N67: chutima.so | O67: 46199
B68: TC-R02-07 | C68: Enterprise Data Warehouse | D68: รายการ R02 - Ordinary Products [OP] Commission override GMM | E68: Functional (Happy Path) | F68: ตรวจสอบ Reconcile รายงาน OnePageSummary R02ACC (ฝ่ายบัญชี) กับ รายงาน OnePageSummary R02 (ฝ่ายคณิตศาสตร์) | I68: 1. สามารถ Reconcile รายงาน OnePageSummary R02ACC (ฝ่ายบัญชี) กับ OnePageSummary R02 (ฝ่ายคณิตศาสตร์) ได้จำนวนเงินเท่ากัน | K68: {=IF(D68="", "", IFERROR(XLOOKUP(D68, Var!$P:$P, Var!$Q:$Q), ""))} -> Feature Priority 1 | L68: Medium | M68: Passed | N68: chutima.so | O68: 46199
B69: กรณี GL Code 50551218, 50551219, 50551221 ยกเลิก เงื่อนไขตรวจสอบ 'หาก Cost Center เป็น 830044 และขึ้นต้นด้วย 1 ถึง 7 โดยเริ่มใช้ใน Period 2027/01
B70: รายงาน R02ACC (ฝ่ายบัญชี)
B71: TC-R02-08 | C71: Enterprise Data Warehouse | D71: รายการ R02 - Ordinary Products [OP] Commission override GMM | E71: Functional (Happy Path) | F71: ตรวจสอบกรณี ยกเลิก เงื่อนไขตรวจสอบหาก Cost Center เป็น 830044 และขึ้นต้นด้วย 1 ถึง 7 ของ GL Code ด้านล่าง โดยเริ่มใช้ใน Period 2027/01 - 50551218 : ค่าบริหารทีมงานพิเศษ - ปีแรก - 50551219 : ค่าบริหารทีมงานพิเศษ - 50551221 : โบนัสราย 3 งวด | G71: Sheet :Reconcile Actual DATA | H71: Path วางไฟล์รายงาน R \\10.40.24.246\edw\UAT\IFRS17\Report R | I71: 1. รายงาน R02ACC : Sheet Reconcile Actual DATA - GL Code 50551218, 50551219, 50551221 หาก Cost Center เป็น 830044 และขึ้นต้นด้วย 1 ถึง 7 จะไม่ใช้ออกรายงาน นอกนั้นประมวลผลตามปกติ | K71: {=IF(D71="", "", IFERROR(XLOOKUP(D71, Var!$P:$P, Var!$Q:$Q), ""))} -> Feature Priority 1 | L71: Medium | M71: Passed | N71: chutima.so | O71: 46202
B72: TC-R02-09 | C72: Enterprise Data Warehouse | D72: รายการ R02 - Ordinary Products [OP] Commission override GMM | E72: Functional (Happy Path) | G72: Sheet : Adjustment Posting | H72: Path วางไฟล์รายงาน R \\10.40.24.246\edw\UAT\IFRS17\Report R | I72: 1. รายงาน R02ACC : Sheet Adjustment Posting - GL Code 50551218, 50551219, 50551221 หาก Cost Center เป็น 830044 และขึ้นต้นด้วย 1 ถึง 7 จะออกรายงานตามปกติ | K72: {=IF(D72="", "", IFERROR(XLOOKUP(D72, Var!$P:$P, Var!$Q:$Q), ""))} -> Feature Priority 1 | L72: Medium | M72: Passed | N72: chutima.so | O72: 46202
B73: TC-R02-10 | C73: Enterprise Data Warehouse | D73: รายการ R02 - Ordinary Products [OP] Commission override GMM | E73: Functional (Happy Path) | F73: ตรวจสอบ Reconcile รายงาน R02ACC (ฝ่ายบัญชี) กับ Free Template | H73: Path วางไฟล์รายงาน R \\10.40.24.246\edw\UAT\IFRS17\Report R | I73: 1. สามารถ Reconcile รายงาน R02ACC (ฝ่ายบัญชี) กับ Free Template ได้จำนวนเงินเท่ากัน | K73: {=IF(D73="", "", IFERROR(XLOOKUP(D73, Var!$P:$P, Var!$Q:$Q), ""))} -> Feature Priority 1 | L73: Medium | M73: Passed | N73: chutima.so | O73: 46202
B74: TC-R02-11 | C74: Enterprise Data Warehouse | D74: รายการ R02 - Ordinary Products [OP] Commission override GMM | E74: Functional (Happy Path) | F74: ตรวจสอบ Reconcile รายงาน R02ACC (ฝ่ายบัญชี) กับ รายงาน R06 (ฝ่ายคณิตศาสตร์) | H74: Path วางไฟล์รายงาน R \\10.40.24.246\edw\UAT\IFRS17\Report R | I74: 1. สามารถ Reconcile รายงาน R02ACC (ฝ่ายบัญชี) กับ R05 (ฝ่ายคณิตศาสตร์) ได้จำนวนเงินเท่ากัน | K74: {=IF(D74="", "", IFERROR(XLOOKUP(D74, Var!$P:$P, Var!$Q:$Q), ""))} -> Feature Priority 1 | L74: Medium | M74: Passed | N74: chutima.so | O74: 46202
B75: รายงาน R02 (ฝ่ายคณิตศาสตร์)
B76: TC-R02-12 | C76: Enterprise Data Warehouse | D76: รายการ R02 - Ordinary Products [OP] Commission override GMM | E76: Functional (Happy Path) | F76: ตรวจสอบรายงาน R02 | H76: Path วางไฟล์รายงาน R \\10.40.24.246\edw\UAT\IFRS17\Report R | I76: 1. รายงาน R06 : แสดงข้อมูลกรมธรรม์มาแสดงครบถ้วนถูกต้อง | K76: {=IF(D76="", "", IFERROR(XLOOKUP(D76, Var!$P:$P, Var!$Q:$Q), ""))} -> Feature Priority 1 | L76: Medium | M76: Passed | N76: chutima.so | O76: 46202
B77: TC-R02-13 | C77: Enterprise Data Warehouse | D77: รายการ R02 - Ordinary Products [OP] Commission override GMM | E77: Functional (Happy Path) | F77: ตรวจสอบ Reconcile รายงาน R02 (ฝ่ายคณิตศาสตร์) กับ Free Template | H77: Path วางไฟล์รายงาน R \\10.40.24.246\edw\UAT\IFRS17\Report R | I77: 1. สามารถ Reconcile รายงาน R02 (ฝ่ายคณิตศาสตร์) กับ Free Template ได้จำนวนเงินเท่ากัน | K77: {=IF(D77="", "", IFERROR(XLOOKUP(D77, Var!$P:$P, Var!$Q:$Q), ""))} -> Feature Priority 1 | L77: Medium | M77: Passed | N77: chutima.so | O77: 46202
B78: TC-R02-14 | C78: Enterprise Data Warehouse | D78: รายการ R02 - Ordinary Products [OP] Commission override GMM | E78: Functional (Happy Path) | F78: ตรวจสอบ Reconcile รายงาน OnePageSummary R02ACC (ฝ่ายบัญชี) กับ รายงาน OnePageSummary R02 (ฝ่ายคณิตศาสตร์) | I78: 1. สามารถ Reconcile รายงาน OnePageSummary R02ACC (ฝ่ายบัญชี) กับ OnePageSummary R02 (ฝ่ายคณิตศาสตร์) ได้จำนวนเงินเท่ากัน | K78: {=IF(D78="", "", IFERROR(XLOOKUP(D78, Var!$P:$P, Var!$Q:$Q), ""))} -> Feature Priority 1 | L78: Medium | M78: Passed | N78: chutima.so | O78: 46202
B79: กรณี GL Code 50551218, 50551219, 50551221 ยังไม่ยกเลิก เงื่อนไขตรวจสอบ 'หาก Cost Center เป็น 830044 และขึ้นต้นด้วย 1 ถึง 7 กรณี Cost Center เป็น 930044 จะต้องแสดงในรายงาน
B80: รายงาน R02ACC (ฝ่ายบัญชี)
B81: TC-R02-15 | C81: Enterprise Data Warehouse | D81: รายการ R02 - Ordinary Products [OP] Commission override GMM | E81: Functional (Happy Path) | F81: ตรวจสอบกรณียัง ไม่ยกเลิก เงื่อนไขตรวจสอบหาก Cost Center เป็น 830044 และขึ้นต้นด้วย 1 ถึง 7 ของ GL Code ด้านล่าง - 50551218 : ค่าบริหารทีมงานพิเศษ - ปีแรก - 50551219 : ค่าบริหารทีมงานพิเศษ - 50551221 : โบนัสราย 3 งวด ทดสอบกรณี Cost Center = 930044 | G81: Sheet :Reconcile Actual DATA | H81: Path วางไฟล์รายงาน R \\10.40.24.246\edw\UAT\IFRS17\Report R | I81: 1. รายงาน R02ACC : Sheet Reconcile Actual DATA - GL Code 50551218, 50551219, 50551221 หาก Cost Center เป็น 830044 และขึ้นต้นด้วย 1 ถึง 7 จะให้ออกรายงานได้ | J81: Ref : ED202601170006 Accounting Date : 2026-01-17 Ref : ED202601180004 Accounting Date : 2026-01-18 | K81: {=IF(D81="", "", IFERROR(XLOOKUP(D81, Var!$P:$P, Var!$Q:$Q), ""))} -> Feature Priority 1 | L81: Medium | M81: Passed | N81: chutima.so | O81: 46202
B82: TC-R02-16 | C82: Enterprise Data Warehouse | D82: รายการ R02 - Ordinary Products [OP] Commission override GMM | E82: Functional (Happy Path) | G82: Sheet : Adjustment Posting | H82: Path วางไฟล์รายงาน R \\10.40.24.246\edw\UAT\IFRS17\Report R | I82: 1. รายงาน R02ACC : Sheet Adjustment Posting - GL Code 50551218, 50551219, 50551221 หาก Cost Center เป็น 830044 และขึ้นต้นด้วย 1 ถึง 7 จะไม่ใช้ออกรายงาน นอกนั้นประมวลผลตามปกติ | K82: {=IF(D82="", "", IFERROR(XLOOKUP(D82, Var!$P:$P, Var!$Q:$Q), ""))} -> Feature Priority 1 | L82: Medium | M82: Passed | N82: chutima.so | O82: 46202
B83: TC-R02-17 | C83: Enterprise Data Warehouse | D83: รายการ R02 - Ordinary Products [OP] Commission override GMM | E83: Functional (Happy Path) | F83: ตรวจสอบ Reconcile รายงาน R02ACC (ฝ่ายบัญชี) กับ Free Template | H83: Path วางไฟล์รายงาน R \\10.40.24.246\edw\UAT\IFRS17\Report R | I83: 1. สามารถ Reconcile รายงาน R02ACC (ฝ่ายบัญชี) กับ Free Template ได้จำนวนเงินเท่ากัน | K83: {=IF(D83="", "", IFERROR(XLOOKUP(D83, Var!$P:$P, Var!$Q:$Q), ""))} -> Feature Priority 1 | L83: Medium | M83: Passed | N83: chutima.so | O83: 46202
B84: TC-R02-18 | C84: Enterprise Data Warehouse | D84: รายการ R02 - Ordinary Products [OP] Commission override GMM | E84: Functional (Happy Path) | F84: ตรวจสอบ Reconcile รายงาน R02ACC (ฝ่ายบัญชี) กับ รายงาน R02 (ฝ่ายคณิตศาสตร์) | H84: Path วางไฟล์รายงาน R \\10.40.24.246\edw\UAT\IFRS17\Report R | I84: 1. สามารถ Reconcile รายงาน R02ACC (ฝ่ายบัญชี) กับ R02 (ฝ่ายคณิตศาสตร์) ได้จำนวนเงินเท่ากัน | K84: {=IF(D84="", "", IFERROR(XLOOKUP(D84, Var!$P:$P, Var!$Q:$Q), ""))} -> Feature Priority 1 | L84: Medium | M84: Passed | N84: chutima.so | O84: 46202
B85: รายงาน R02 (ฝ่ายคณิตศาสตร์)
B86: TC-R02-19 | C86: Enterprise Data Warehouse | D86: รายการ R02 - Ordinary Products [OP] Commission override GMM | E86: Functional (Happy Path) | F86: ตรวจสอบรายงาน R02 | H86: Path วางไฟล์รายงาน R \\10.40.24.246\edw\UAT\IFRS17\Report R | I86: 1. รายงาน R02 : แสดงข้อมูลกรมธรรม์มาแสดงครบถ้วนถูกต้อง | J86: Ref : ED202601170006 Accounting Date : 2026-01-17 Ref : ED202601180004 Accounting Date : 2026-01-18 | K86: {=IF(D86="", "", IFERROR(XLOOKUP(D86, Var!$P:$P, Var!$Q:$Q), ""))} -> Feature Priority 1 | L86: Medium | M86: Passed | N86: chutima.so | O86: 46202
B87: TC-R02-20 | C87: Enterprise Data Warehouse | D87: รายการ R02 - Ordinary Products [OP] Commission override GMM | E87: Functional (Happy Path) | F87: ตรวจสอบ Reconcile รายงาน R02 (ฝ่ายคณิตศาสตร์) กับ Free Template | H87: Path วางไฟล์รายงาน R \\10.40.24.246\edw\UAT\IFRS17\Report R | I87: 1. สามารถ Reconcile รายงาน R02 (ฝ่ายคณิตศาสตร์) กับ Free Template ได้จำนวนเงินเท่ากัน | K87: {=IF(D87="", "", IFERROR(XLOOKUP(D87, Var!$P:$P, Var!$Q:$Q), ""))} -> Feature Priority 1 | L87: Medium | M87: Passed | N87: chutima.so | O87: 46202
B88: TC-R02-21 | C88: Enterprise Data Warehouse | D88: รายการ R02 - Ordinary Products [OP] Commission override GMM | E88: Functional (Happy Path) | F88: ตรวจสอบ Reconcile รายงาน OnePageSummary R02ACC (ฝ่ายบัญชี) กับ รายงาน OnePageSummary R02 (ฝ่ายคณิตศาสตร์) | I88: 1. สามารถ Reconcile รายงาน OnePageSummary R02ACC (ฝ่ายบัญชี) กับ OnePageSummary R02 (ฝ่ายคณิตศาสตร์) ได้จำนวนเงินเท่ากัน | K88: {=IF(D88="", "", IFERROR(XLOOKUP(D88, Var!$P:$P, Var!$Q:$Q), ""))} -> Feature Priority 1 | L88: Medium | M88: Passed | N88: chutima.so | O88: 46202
B89: รายการ R14 - Ordinary Products [OP] APL and PL GMM | F89: Process การประมวลผลข้อมูลออกรายงาน R14
B90: รายงาน R14ACC (ฝ่ายบัญชี)
B91: TC-R14-01 | C91: Enterprise Data Warehouse | D91: รายการ R14 - Ordinary Products [OP] APL and PL GMM | E91: Functional (Happy Path) | F91: ตรวจสอบ เพิ่มการดึง GL Code ของรายงาน R14ACC - 14522111 : ดอกเบี้ยค้างรับ - เงินกู้ประกันชีวิต - 14522112 : ดอกเบี้ยค้างรับ - เงินกู้ประกันชีวิตอัตโนมัติ - 14522113 : ดอกเบี้ยทบต้นค้างรับ - เงินกู้ประกันชีวิตอัตโนมัติ - 14522114 : ดอกเบี้ยทบต้นค้างรับ - เงินกู้ประกันชีวิต | H91: 1. Log in เข้าระบบ NBS : acc1 2. เลือกเมนู : ระบบงาน Back Office > ระบบ Enterprise Data Warehouse > ระบบ Enterprise Data Warehouse 3. เลือกเมนู : Reconcile Data > ปรับปรุงรายการทางบัญชี -> ระบุเงื่อนไขการประมวลผล -> กดปุ่ม ประมวลผล | I91: 1. รายงาน R14ACC : แสดงข้อมูล บัญชี และดึงข้อมูล GL Code มาแสดงครบถ้วนถูกต้อง - 14522111 : ดอกเบี้ยค้างรับ - เงินกู้ประกันชีวิต - 14522112 : ดอกเบี้ยค้างรับ - เงินกู้ประกันชีวิตอัตโนมัติ - 14522113 : ดอกเบี้ยทบต้นค้างรับ - เงินกู้ประกันชีวิตอัตโนมัติ - 14522114 : ดอกเบี้ยทบต้นค้างรับ - เงินกู้ประกันชีวิต | L91: Medium | M91: In Progress | N91: chutima.so | O91: 46205
B92: TC-R14-02 | C92: Enterprise Data Warehouse | D92: รายการ R14 - Ordinary Products [OP] APL and PL GMM | E92: Functional (Happy Path) | F92: ตรวจสอบการแสดง Disclosure Type ของรายงาน R14ACC กรณี GL Code เท่ากับ 14522111 , 14522112 , 14522113 , 14522114 | G92: Sheet :Reconcile Actual DATA | I92: 1. รายงาน R14ACC : Sheet Reconcile Actual DATA - แสดง Disclosure Type แสดงเป็นค่าว่าง | L92: Medium | M92: In Progress | N92: chutima.so | O92: 46205
B93: TC-R14-03 | C93: Enterprise Data Warehouse | D93: รายการ R14 - Ordinary Products [OP] APL and PL GMM | E93: Functional (Happy Path) | G93: Sheet : Adjustment Posting | I93: 1. รายงาน R14ACC : Sheet Adjustment Posting - แสดง Disclosure Type แสดงเป็นค่าว่าง | L93: Medium | M93: In Progress | N93: chutima.so | O93: 46205
B94: TC-R14-04 | C94: Enterprise Data Warehouse | D94: รายการ R14 - Ordinary Products [OP] APL and PL GMM | E94: Functional (Happy Path) | F94: ตรวจสอบการแสดง Plan Code ของรายงาน R14ACC กรณี GL Code เท่ากับ 14522111 , 14522112 , 14522113 , 14522114 | G94: Sheet :Reconcile Actual DATA | I94: 1. รายงาน R14ACC : Sheet Reconcile Actual DATA - แสดง Plan Code แสดงเป็นค่าว่าง | L94: Medium | M94: In Progress | N94: chutima.so | O94: 46205
B95: TC-R14-05 | C95: Enterprise Data Warehouse | D95: รายการ R14 - Ordinary Products [OP] APL and PL GMM | E95: Functional (Happy Path) | G95: Sheet : Adjustment Posting | I95: 1. รายงาน R14ACC : Sheet Adjustment Posting - แสดง Plan Code แสดงเป็นค่าว่าง | L95: Medium | M95: In Progress | N95: chutima.so | O95: 46205
B96: TC-R14-06 | C96: Enterprise Data Warehouse | D96: รายการ R14 - Ordinary Products [OP] APL and PL GMM | E96: Functional (Happy Path) | F96: ตรวจสอบการแสดง Disclosure Type ของรายงาน R14ACC กรณี GL Code ไม่เท่ากับ 14522111 , 14522112 , 14522113 , 14522114 | G96: Sheet :Reconcile Actual DATA | I96: 1. รายงาน R14ACC : Sheet Reconcile Actual DATA - แสดง Disclosure Type สามารถ Mapping ค่ามาแสดงได้ไม่เป็นค่าว่าง | L96: Medium | M96: In Progress | N96: chutima.so | O96: 46205
B97: TC-R14-07 | C97: Enterprise Data Warehouse | D97: รายการ R14 - Ordinary Products [OP] APL and PL GMM | E97: Functional (Happy Path) | G97: Sheet : Adjustment Posting | I97: 1. รายงาน R14ACC : Sheet Adjustment Posting - แสดง Disclosure Type สามารถ Mapping ค่ามาแสดงได้ไม่เป็นค่าว่าง | L97: Medium | M97: In Progress | N97: chutima.so | O97: 46205
B98: TC-R14-08 | C98: Enterprise Data Warehouse | D98: รายการ R14 - Ordinary Products [OP] APL and PL GMM | E98: Functional (Happy Path) | F98: ตรวจสอบการแสดง Plan Code ของรายงาน R14ACC กรณี GL Code ไม่เท่ากับ 14522111 , 14522112 , 14522113 , 14522114 | G98: Sheet :Reconcile Actual DATA | I98: 1. รายงาน R14ACC : Sheet Reconcile Actual DATA - แสดง Plan Code สามารถ Mapping ค่ามาแสดงได้ไม่เป็นค่าว่าง | L98: Medium | M98: In Progress | N98: chutima.so | O98: 46205
B99: TC-R14-09 | C99: Enterprise Data Warehouse | D99: รายการ R14 - Ordinary Products [OP] APL and PL GMM | E99: Functional (Happy Path) | G99: Sheet : Adjustment Posting | I99: 1. รายงาน R14ACC : Sheet Adjustment Posting - แสดง Plan Code สามารถ Mapping ค่ามาแสดงได้ไม่เป็นค่าว่าง | L99: Medium | M99: In Progress | N99: chutima.so | O99: 46205
B100: TC-R14-10 | C100: Enterprise Data Warehouse | D100: รายการ R14 - Ordinary Products [OP] APL and PL GMM | E100: Functional (Happy Path) | F100: ตรวจสอบการ Summary Adj.Posting ของรายงาน R14ACC | G100: Sheet :Reconcile Actual DATA | I100: 1. รายงาน R14ACC : Sheet Adjustment Posting - Summary Adj.Posting ให้รวม Adj.Posting ของ GL Code ที่เพิ่มใหม่ 14522111 , 14522112 , 14522113 , 14522114 | L100: Medium | M100: In Progress | N100: chutima.so | O100: 46205
B101: TC-R14-11 | C101: Enterprise Data Warehouse | D101: รายการ R14 - Ordinary Products [OP] APL and PL GMM | E101: Functional (Happy Path) | F101: ตรวจสอบ Reconcile รายงาน OnePageSummary R14ACC (ฝ่ายบัญชี) กับ รายงาน OnePageSummary R014 (ฝ่ายคณิตศาสตร์) | I101: 1. สามารถ Reconcile รายงาน OnePageSummary R14ACC (ฝ่ายบัญชี) กับ OnePageSummary R14 (ฝ่ายคณิตศาสตร์) และ Free Template ได้จำนวนเงินเท่ากัน | L101: Medium | M101: In Progress | N101: chutima.so | O101: 46205
...

Sheet Redmine
A1: Redmine: Tracker "Defect" | C1: ตัวอย่างการระบุเงื่อนไข Where ใน Column C2 - กรณีต้องการหลายค่า ให้ใช้คำสั่ง matches เช่น tracker matches 'Defect|Task' - กรณีต้องการหลาย UR หรือ หลายโครงการ ใช้คำสั่ง เช่น ตัวอย่างทำ 4 UR พร้อมๆกัน project matches '.*UR 20250098.*|.*UR 20250127.*|.*UR 20250137.*|.*UR 20250096.*'
A2: เงื่อนไขการดึงข้อมูล Redmine | C2: where tracker = 'Defect' and phase='SIT' and project ='UR 20260041 - R13 Expense allocation Improvement'
A3: id | B3: project | C3: tracker | D3: status | E3: priority | F3: author | G3: assigned_to | H3: parent | I3: subject | J3: description | K3: start_date | L3: due_date | M3: done_ratio | N3: is_private | O3: estimated_hours | P3: total_estimated_hours | Q3: spent_hours | R3: total_spent_hours | S3: created_on | T3: updated_on | U3: closed_on | V3: root_cause | W3: application | X3: screen | Y3: phase
A4: =IFERROR(__xludf.DUMMYFUNCTION("LET( url, ""https://docs.google.com/spreadsheets/d/1aQvBSBqzTssy3xc8GrcZkgkGHZrsM_cM_Jx0QN_s8Og"", headRange, ""All_Redmine!A1:Y1"", dataRange, ""All_Redmine!A3:Y"", headers, INDEX(IMPORTRANGE(url, headRange), 1, ), data, IMPORTRANGE(url, da"&"taRange), tokens, {""id"",""project"",""tracker"",""status"",""priority"",""author"",""assigned_to"",""parent"",""subject"",""description"",""start_date"",""due_date"",""done_ratio"",""is_private"",""estimated_hours"",""total_estimated_hours"",""spent_"&"hours"",""total_spent_hours"",""created_on"",""updated_on"",""closed_on"",""root_cause"",""screen"",""phase""}, q_raw, IF(LEN(C2), "" ""&C2, """"), q_map, REDUCE( q_raw, tokens, LAMBDA(acc, t, LET( idx, IFERRO"&"R(MATCH(t, headers, 0), 0), IF(idx, SUBSTITUTE(acc, t, ""Col""&idx), acc) ) ) ), QUERY(data, ""select *""&q_map, 0) ) "),"#REF!") -> #REF!

Sheet Test Data
A1: Test Data

Sheet Var
A1: SIT | B1: Test Status | C1: Test Status Description | D1: Issue Status | E1: Yes/No | F1: Root Cause | G1: Root Cause Issue Type | H1: Root Cause Category | I1: Holiday | J1: Holiday Description | K1: Test Execution Order | L1: Objective | M1: Feature Priority | N1: Test Cases Priority | O1: Application | P1: Feature | Q1: Feature Priority | R1: Test Case Type | S1: Test Case Type Definition | T1: Test Cases Priority
A2: Development | B2: Not Ready for Test | C2: Not Ready for Test = ส่วนที่ไม่พร้อมทดสอบ | D2: Not Start | E2: Yes | F2: Under Investigated | G2: Under Investigated | H2: Under Investigated | I2: 45292 | J2: วันขึ้ึ้นปีใหม่ | K2: 1 | L2: "หัวใจของระบบต้องรอด": ยืนยันว่าฟังก์ชันหลัก (Happy Path), ความปลอดภัย (Security), การเชื่อมต่อ (Integration) และสูตรคำนวณทางธุรกิจ (Business Logic) ของฟีเจอร์สำคัญที่สุดทำงานถูกต้อง 100% | M2: Feature Priority 1 | N2: High | O2: Enterprise Data Warehouse | P2: รายการ R05 - Unit Link Products [ULP] Premium Receipt VFA | Q2: Feature Priority 1 | R2: Functional (Happy Path) | S2: การทำงานหลักตามขั้นตอนปกติที่ผู้ใช้ต้องทำให้สำเร็จ | T2: High
A3: SIT | B3: Not Start | C3: Not Start = ยังไม่เริ่มทดสอบ | D3: In Progress | E3: No | F3: Requirement Change | G3: Change Request | H3: Requirement | I3: 45293 | J3: ชดเชยวันสิ้นปี (วันอาทิตย์ที่ 31 ธันวาคม 2566) | K3: 2 | L3: "ฟีเจอร์หลักต้องแม่นยำและเสถียร": ตรวจสอบการจัดการเมื่อเกิดข้อผิดพลาด (Negative Test), รูปแบบข้อมูล (Input Validation), ความเร็ว (Performance) และการรองรับผู้ใช้ (Load) ของฟีเจอร์หลัก | M3: Feature Priority 1 | N3: Medium | P3: รายการ R06 - Unit Link Products [ULP] Commission override VFA | Q3: Feature Priority 1 | R3: Security | S3: การตรวจสอบสิทธิ์เข้าใช้งานและความปลอดภัยของข้อมูล | T3: High
A4: UAT | B4: In Progress | C4: In Progress = อยู่ระหว่างการทดสอบ | D4: Pending | F4: Missing Requirement | G4: Change Request | H4: Requirement | I4: 45348 | J4: ชดเชยวันมาฆบูชา (วันเสาร์ที่ 24 กุมภาพันธ์ 2567) | K4: 3 | L4: "ระบบเสริมพื้นฐานต้องผ่าน": ตรวจสอบการทำงานหลักตามขั้นตอนปกติ (Happy Path) และความปลอดภัยของฟีเจอร์สนับสนุนที่สำคัญ เพื่อให้มั่นใจว่าทำงานร่วมกับระบบหลักได้ | M4: Feature Priority 2 | N4: High | P4: รายการ R02 - Ordinary Products [OP] Commission override GMM | Q4: Feature Priority 1 | R4: Integration | S4: การเชื่อมต่อรับส่งข้อมูลระหว่างระบบหรือ API | T4: High
A5: Go-live | B5: Pending | C5: Pending = ไม่สามารถทดสอบต่อได้ | D5: Completed | F5: Incorrect Specification | G5: Bug | H5: Design | I5: 45390 | J5: ชดเชยวันพระบาทสมเด็จพระพุทธยอดฟ้าจุฬาโลกมหาราช และวันที่ระลึกมหาจักรีบรมราชวงศ์ (วันเสาร์ที่ 6 เมษายน 2567) | K5: 4 | L5: "ระบบเสริมต้องเสถียร": ทดสอบการดักจับข้อผิดพลาด (Negative) และความถูกต้องของข้อมูล (Input Validation) ในฟีเจอร์สนับสนุน เพื่อลดความเสี่ยงของข้อมูลผิดเพี้ยน | M5: Feature Priority 2 | N5: Medium | P5: รายการ R14 - Ordinary Products [OP] APL and PL GMM | Q5: Feature Priority 1 | R5: Business Logic | S5: การคำนวณและเงื่อนไขตามกฎธุรกิจ (เช่น สูตรภาษี, ส่วนลด) | T5: High
B6: Failed | C6: Failed = ผลการทดสอบไม่ผ่าน | D6: Deferred | F6: Application Defect | G6: Bug | H6: Development | I6: 45397 | J6: วันสงกรานต์ | K6: 5 | L6: "ความสวยงามของระบบหลัก": ตรวจสอบ UI/UX และการแสดงผลตามอุปกรณ์ (Compatibility) ของฟีเจอร์ที่คนใช้งานบ่อย เพื่อสร้างประสบการณ์ที่ดีแก่ผู้ใช้ | M6: Feature Priority 1 | N6: Low | Q6: Feature Priority 2 | R6: Negative Test | S6: การจัดการของระบบเมื่อเกิดข้อผิดพลาด (เช่น ใส่ข้อมูลผิดแล้วระบบต้องไม่ค้าง) | T6: Medium
B7: Passed with Condition | C7: Passed with Condition = ผลการทดสอบผ่านแบบมีเงื่อนไข | F7: Configuration Defect | G7: Bug | H7: Development | I7: 45398 | J7: ชดเชยวันสงกรานต์ (วันเสาร์ที่ 13 เมษายน 2567 และ วันอาทิตย์ที่ 14 เมษายน 2567) | K7: 6 | L7: "ความสมบูรณ์ของระบบเสริม": ตรวจสอบความถูกต้องของการจัดวางหน้าจอและภาษา (Localization) ของฟีเจอร์สนับสนุน | M7: Feature Priority 2 | N7: Low | R7: Input Validation | S7: การตรวจสอบรูปแบบข้อมูลพื้นฐาน (เช่น รูปแบบ Email, เบอร์โทร) | T7: Medium
B8: Passed | C8: Passed = ผลการทดสอบผ่าน | F8: Missing Standard Practices | G8: Bug | H8: Development | I8: 45413 | J8: วันแรงงานแห่งชาติ | K8: 7 | L8: "ฟังก์ชันเสริมทำงานถูกต้อง": ตรวจสอบการทำงานเบื้องต้นของฟีเจอร์ส่วนเสริมที่มีคนใช้งานน้อย | M8: Feature Priority 3 | N8: High | R8: Performance | S8: ความเร็วในการโหลดหน้าจอทั่วไป (Response Time) ต้องไม่ช้าเกินไปจนผู้ใช้เลิกใช้ | T8: Medium
B9: Cancelled | C9: Cancelled = ยกเลิกการทดสอบ | F9: Performance Issue | G9: Bug | H9: Development | I9: 45418 | J9: ชดเชยวันฉัตรมงคล (วันเสาร์ที่ 4 พฤษภาคม 2567) | K9: 8 | L9: "ความเสถียรของฟังก์ชันเสริม": เก็บเคส Negative และ Validation ของฟีเจอร์ส่วนเสริมตามเวลาที่เหลือ | M9: Feature Priority 3 | N9: Medium | R9: Load | S9: ระบบรองรับคนจำนวนมากเข้าใช้งานพร้อมกัน | T9: Medium
F10: UI/UX | G10: Bug | H10: Development | I10: 45434 | J10: วันวิสาขบูชา | K10: 9 | L10: "เก็บรายละเอียดส่วนสุดท้าย": ตรวจสอบ UI/UX ของฟีเจอร์ส่วนเสริมเพื่อความเป๊ะของระบบในภาพรวม | M10: Feature Priority 3 | N10: Low | R10: UI/UX | S10: ความถูกต้องของการจัดวางหน้าจอ สี ฟอนต์ และความง่ายในการใช้งาน | T10: Low
F11: Question/Misunderstanding | G11: Question | H11: Testing | I11: 45446 | J11: วันเฉลิมพระชนมพรรษา สมเด็จพระนางเจ้าสุทิดา พัชรสุธาพิมลลักษณ พระบรมราชินี | R11: Compatibility | S11: Compatibility: การแสดงผลตามอุปกรณ์ | T11: Low
F12: Incorrect Test Data | G12: Question | H12: Testing | I12: 45495 | J12: ชดเชยวันอาสาฬหบูชา (วันเสาร์ที่ 20 กรกฎาคม 2567)
F13: Environment Issue | G13: Question | H13: Testing | I13: 45502 | J13: ชดเชยวันเฉลิมพระชนมพรรษา พระบาทสมเด็จพระเจ้าอยู่หัว (วันอาทิตย์ที่ 28 กรกฎาคม 2567)
F14: Production Issue | G14: Production Issue | H14: Production Issue | I14: 45516 | J14: วันเฉลิมพระชนมพรรษา สมเด็จพระนางเจ้าสิริกิติ์ พระบรมราชินีนาถ พระบรมราชชนนีพันปีหลวง และวันแม่แห่งชาติ
F15: Production Data | G15: Production Issue | H15: Production Issue | I15: 45579 | J15: ชดเชยวันคล้ายวันสวรรคต พระบาทสมเด็จพระบรมชนกาธิเบศร มหาภูมิพลอดุลยเดชมหาราช บรมนาถบพิตร (วันอาทิตย์ที่ 13 ตุลาคม 2567)
I16: 45649 | J16: วันปิยมหาราช
I17: 45631 | J17: วันคล้ายวันพระบรมราชสมภพ พระบาทสมเด็จพระบรมชนกาธิเบศร มหาภูมิพลอดุลยเดชมหาราช บรมนาถบพิตร วันชาติ และวันพ่อแห่งชาติ
I18: 45636 | J18: วันรัฐธรรมนูญ
I19: 45657 | J19: วันสิ้นปี
I20: 45658 | J20: วันขึ้นปีใหม่
I21: 45700 | J21: วันมาฆบูชา
I22: 45754 | J22: วันพระบาทสมเด็จพระพุทธยอดฟ้าจุฬาโลกมหาราช และ วันที่ระลึกมหาจักรีบรมราชวงศ์
I23: 45761 | J23: วันสงกรานต์
I24: 45762 | J24: วันสงกรานต์
I25: 45778 | J25: วันแรงงานแห่งชาติ
I26: 45782 | J26: วันฉัตรมงคล
I27: 45789 | J27: วันวิสาขบูชา
... I56: 46387 | J56: วันสิ้นปี
